timestamp,frame,label,cx,cy,x1,y1,x2,y2,source
11:38:22.369,1,litter_yolo,1133,671,872,390,1394,952,YOLO
11:38:22.825,2,litter_yolo,1153,676,909,391,1398,962,YOLO
11:38:23.066,3,litter_yolo,1150,674,905,392,1396,956,YOLO
11:38:23.205,4,litter_yolo,1150,673,904,390,1396,956,YOLO
11:38:23.381,5,litter_yolo,1153,661,909,379,1398,944,YOLO
11:38:23.527,6,litter_yolo,1165,675,928,371,1403,979,YOLO
11:38:23.747,7,litter_yolo,1191,671,946,365,1436,977,YOLO
11:38:24.172,9,litter_yolo,1208,650,965,318,1451,983,YOLO
11:38:24.381,10,litter_yolo,1207,662,969,324,1445,1000,YOLO
11:38:24.659,11,litter_yolo,1219,662,981,323,1457,1001,YOLO
11:38:25.006,13,litter_yolo,1235,665,999,330,1471,1000,YOLO
11:38:25.116,14,litter_yolo,1235,666,999,331,1471,1001,YOLO
11:38:25.254,15,litter_yolo,1235,662,1000,326,1470,999,YOLO
11:38:25.315,15,litter_colour,329,1058,64,1036,595,1080,COLOR_SEC
11:38:25.315,15,litter_colour,532,1043,465,1034,600,1053,COLOR_SEC
11:38:25.315,15,litter_colour,297,663,200,633,395,693,COLOR_SEC
11:38:25.315,15,litter_colour,191,339,0,324,383,355,COLOR_SEC
11:38:25.359,16,litter_yolo,1234,663,999,327,1469,999,YOLO
11:38:25.422,16,litter_colour,329,1058,64,1036,595,1080,COLOR_SEC
11:38:25.422,16,litter_colour,532,1043,465,1034,600,1053,COLOR_SEC
11:38:25.422,16,litter_colour,299,663,200,633,398,693,COLOR_SEC
11:38:25.422,16,litter_colour,192,339,0,324,384,355,COLOR_SEC
11:38:25.530,17,litter_colour,329,1058,64,1036,595,1080,COLOR_SEC
11:38:25.530,17,litter_colour,532,1043,465,1034,600,1053,COLOR_SEC
11:38:25.530,17,litter_colour,299,663,200,633,399,693,COLOR_SEC
11:38:25.530,17,litter_colour,192,339,0,324,384,355,COLOR_SEC
11:38:25.632,18,litter_colour,329,1058,64,1036,595,1080,COLOR_SEC
11:38:25.632,18,litter_colour,532,1043,465,1034,600,1053,COLOR_SEC
11:38:25.632,18,litter_colour,306,663,200,633,413,694,COLOR_SEC
11:38:25.632,18,litter_colour,191,339,0,324,383,355,COLOR_SEC
11:38:25.678,19,litter_yolo,1223,662,985,325,1462,999,YOLO
11:38:25.739,19,litter_colour,329,1058,64,1036,595,1080,COLOR_SEC
11:38:25.739,19,litter_colour,532,1043,465,1034,600,1053,COLOR_SEC
11:38:25.739,19,litter_colour,306,663,200,633,413,694,COLOR_SEC
11:38:25.739,19,litter_colour,191,339,0,324,383,355,COLOR_SEC
11:38:25.788,20,litter_yolo,1221,661,982,323,1461,1000,YOLO
11:38:25.849,20,litter_colour,329,1058,64,1036,595,1080,COLOR_SEC
11:38:25.849,20,litter_colour,532,1043,465,1033,600,1053,COLOR_SEC
11:38:25.849,20,litter_colour,306,663,200,633,413,694,COLOR_SEC
11:38:25.849,20,litter_colour,191,339,0,324,383,355,COLOR_SEC
11:38:25.924,21,litter_yolo,1219,663,982,326,1457,1000,YOLO
11:38:25.984,21,litter_colour,329,1058,64,1036,595,1080,COLOR_SEC
11:38:25.984,21,litter_colour,532,1043,465,1034,600,1053,COLOR_SEC
11:38:25.984,21,litter_colour,305,663,200,633,411,694,COLOR_SEC
11:38:25.984,21,litter_colour,191,339,0,324,383,355,COLOR_SEC
11:38:26.032,22,litter_yolo,1220,648,975,312,1466,985,YOLO
11:38:26.093,22,litter_colour,329,1058,64,1036,595,1080,COLOR_SEC
11:38:26.093,22,litter_colour,532,1043,465,1033,600,1053,COLOR_SEC
11:38:26.093,22,litter_colour,297,663,200,633,394,693,COLOR_SEC
11:38:26.093,22,litter_colour,191,339,0,324,383,355,COLOR_SEC
11:38:26.141,23,litter_yolo,1261,548,974,110,1549,987,YOLO
11:38:26.200,23,litter_colour,329,1058,64,1036,595,1080,COLOR_SEC
11:38:26.200,23,litter_colour,532,1043,465,1033,600,1053,COLOR_SEC
11:38:26.200,23,litter_colour,294,663,200,633,389,693,COLOR_SEC
11:38:26.200,23,litter_colour,191,339,0,324,383,355,COLOR_SEC
11:38:26.249,24,litter_yolo,1204,674,966,357,1443,992,YOLO
11:38:26.309,24,litter_colour,329,1058,64,1036,595,1080,COLOR_SEC
11:38:26.309,24,litter_colour,532,1043,465,1033,600,1053,COLOR_SEC
11:38:26.309,24,litter_colour,297,663,200,633,394,693,COLOR_SEC
11:38:26.309,24,litter_colour,191,339,0,324,383,355,COLOR_SEC
11:38:26.445,25,litter_colour,329,1058,64,1036,595,1080,COLOR_SEC
11:38:26.445,25,litter_colour,532,1043,465,1033,600,1053,COLOR_SEC
11:38:26.445,25,litter_colour,296,663,200,633,392,693,COLOR_SEC
11:38:26.445,25,litter_colour,191,339,0,324,383,355,COLOR_SEC
11:38:26.496,26,litter_yolo,1170,670,944,365,1397,976,YOLO
11:38:26.556,26,litter_colour,329,1058,64,1036,595,1080,COLOR_SEC
11:38:26.556,26,litter_colour,532,1043,465,1033,600,1053,COLOR_SEC
11:38:26.556,26,litter_colour,297,663,200,633,395,693,COLOR_SEC
11:38:26.556,26,litter_colour,192,339,0,324,384,355,COLOR_SEC
11:38:26.638,27,litter_yolo,1166,681,936,371,1396,992,YOLO
11:38:26.698,27,litter_colour,329,1058,64,1036,595,1080,COLOR_SEC
11:38:26.698,27,litter_colour,532,1043,465,1033,600,1053,COLOR_SEC
11:38:26.698,27,litter_colour,295,663,200,633,390,693,COLOR_SEC
11:38:26.698,27,litter_colour,191,339,0,324,383,355,COLOR_SEC
11:38:26.772,28,litter_yolo,1175,671,950,358,1401,985,YOLO
11:38:26.832,28,litter_colour,329,1058,64,1036,595,1080,COLOR_SEC
11:38:26.832,28,litter_colour,532,1043,465,1033,600,1053,COLOR_SEC
11:38:26.832,28,litter_colour,296,663,200,633,392,693,COLOR_SEC
11:38:26.832,28,litter_colour,191,339,0,324,383,355,COLOR_SEC
11:38:26.885,29,litter_yolo,1180,678,952,359,1409,998,YOLO
11:38:26.946,29,litter_colour,329,1058,64,1036,595,1080,COLOR_SEC
11:38:26.946,29,litter_colour,532,1043,464,1033,600,1053,COLOR_SEC
11:38:26.946,29,litter_colour,298,663,200,633,396,693,COLOR_SEC
11:38:26.946,29,litter_colour,191,339,0,324,383,355,COLOR_SEC
11:38:26.989,30,litter_yolo,1188,671,954,350,1422,992,YOLO
11:38:27.048,30,litter_colour,329,1058,64,1036,595,1080,COLOR_SEC
11:38:27.048,30,litter_colour,532,1043,464,1033,600,1053,COLOR_SEC
11:38:27.048,30,litter_colour,293,663,200,633,387,693,COLOR_SEC
11:38:27.048,30,litter_colour,191,339,0,324,383,355,COLOR_SEC
11:38:27.097,31,litter_yolo,1197,672,958,347,1436,997,YOLO
11:38:27.156,31,litter_colour,329,1058,64,1036,595,1080,COLOR_SEC
11:38:27.156,31,litter_colour,532,1043,464,1034,600,1053,COLOR_SEC
11:38:27.156,31,litter_colour,293,663,200,633,387,693,COLOR_SEC
11:38:27.156,31,litter_colour,191,339,0,324,383,355,COLOR_SEC
11:38:27.200,32,litter_yolo,1201,677,961,360,1442,995,YOLO
11:38:27.259,32,litter_colour,329,1058,64,1036,595,1080,COLOR_SEC
11:38:27.259,32,litter_colour,532,1043,464,1034,600,1053,COLOR_SEC
11:38:27.259,32,litter_colour,295,663,200,633,391,693,COLOR_SEC
11:38:27.259,32,litter_colour,191,339,0,324,383,355,COLOR_SEC
11:38:27.304,33,litter_yolo,1202,664,961,337,1444,992,YOLO
11:38:27.364,33,litter_colour,329,1058,64,1036,595,1080,COLOR_SEC
11:38:27.364,33,litter_colour,532,1043,464,1033,600,1053,COLOR_SEC
11:38:27.364,33,litter_colour,296,663,200,633,393,693,COLOR_SEC
11:38:27.364,33,litter_colour,191,339,0,324,383,355,COLOR_SEC
11:38:27.468,34,litter_colour,329,1058,64,1036,595,1080,COLOR_SEC
11:38:27.468,34,litter_colour,532,1043,465,1033,600,1053,COLOR_SEC
11:38:27.468,34,litter_colour,293,663,200,633,387,693,COLOR_SEC
11:38:27.468,34,litter_colour,192,339,0,324,384,355,COLOR_SEC
11:38:27.522,35,litter_yolo,1214,663,982,332,1447,994,YOLO
11:38:27.581,35,litter_colour,329,1058,64,1036,595,1080,COLOR_SEC
11:38:27.581,35,litter_colour,532,1043,464,1033,600,1053,COLOR_SEC
11:38:27.581,35,litter_colour,297,663,200,633,394,693,COLOR_SEC
11:38:27.581,35,litter_colour,191,339,0,324,383,355,COLOR_SEC
11:38:27.724,36,litter_colour,329,1058,64,1036,595,1080,COLOR_SEC
11:38:27.724,36,litter_colour,532,1043,464,1034,600,1053,COLOR_SEC
11:38:27.724,36,litter_colour,298,663,200,633,396,694,COLOR_SEC
11:38:27.724,36,litter_colour,191,339,0,324,383,355,COLOR_SEC
11:38:27.801,37,litter_yolo,1251,654,1028,326,1474,982,YOLO
11:38:27.867,37,litter_colour,329,1058,64,1036,595,1080,COLOR_SEC
11:38:27.867,37,litter_colour,532,1043,465,1033,600,1053,COLOR_SEC
11:38:27.867,37,litter_colour,296,663,200,633,392,693,COLOR_SEC
11:38:27.867,37,litter_colour,191,339,0,324,383,355,COLOR_SEC
11:38:27.947,38,litter_yolo,1269,648,1038,322,1501,974,YOLO
11:38:28.013,38,litter_colour,329,1058,64,1036,595,1080,COLOR_SEC
11:38:28.013,38,litter_colour,532,1043,465,1034,600,1053,COLOR_SEC
11:38:28.013,38,litter_colour,295,663,200,633,391,693,COLOR_SEC
11:38:28.013,38,litter_colour,191,339,0,324,383,355,COLOR_SEC
11:38:28.080,39,litter_yolo,1289,636,1064,314,1514,959,YOLO
11:38:28.146,39,litter_colour,329,1058,64,1036,595,1080,COLOR_SEC
11:38:28.146,39,litter_colour,532,1043,465,1034,600,1053,COLOR_SEC
11:38:28.146,39,litter_colour,293,663,200,633,387,693,COLOR_SEC
11:38:28.146,39,litter_colour,191,339,0,324,383,355,COLOR_SEC
11:38:28.191,40,litter_yolo,1299,630,1072,306,1527,955,YOLO
11:38:28.257,40,litter_colour,329,1058,64,1036,595,1080,COLOR_SEC
11:38:28.257,40,litter_colour,532,1044,465,1034,600,1054,COLOR_SEC
11:38:28.257,40,litter_colour,292,663,200,633,385,693,COLOR_SEC
11:38:28.257,40,litter_colour,191,339,0,324,383,355,COLOR_SEC
11:38:28.330,41,litter_yolo,1315,637,1088,310,1542,965,YOLO
11:38:28.400,41,litter_colour,329,1058,64,1036,595,1080,COLOR_SEC
11:38:28.400,41,litter_colour,532,1043,465,1034,600,1053,COLOR_SEC
11:38:28.400,41,litter_colour,293,663,200,633,387,693,COLOR_SEC
11:38:28.400,41,litter_colour,191,339,0,324,383,355,COLOR_SEC
11:38:28.475,42,litter_yolo,1318,629,1091,304,1546,955,YOLO
11:38:28.544,42,litter_colour,329,1058,64,1036,595,1080,COLOR_SEC
11:38:28.544,42,litter_colour,532,1044,465,1034,600,1054,COLOR_SEC
11:38:28.544,42,litter_colour,293,663,200,633,386,693,COLOR_SEC
11:38:28.544,42,litter_colour,191,339,0,324,383,355,COLOR_SEC
11:38:28.614,43,litter_yolo,1307,628,1079,305,1536,951,YOLO
11:38:28.682,43,litter_colour,329,1058,64,1036,595,1080,COLOR_SEC
11:38:28.682,43,litter_colour,532,1043,465,1034,600,1053,COLOR_SEC
11:38:28.682,43,litter_colour,294,663,200,633,388,693,COLOR_SEC
11:38:28.682,43,litter_colour,191,339,0,324,383,355,COLOR_SEC
11:38:28.758,44,litter_yolo,1297,629,1069,307,1525,952,YOLO
11:38:28.833,44,litter_colour,329,1058,64,1036,595,1080,COLOR_SEC
11:38:28.833,44,litter_colour,532,1043,465,1034,600,1053,COLOR_SEC
11:38:28.833,44,litter_colour,295,663,200,633,391,693,COLOR_SEC
11:38:28.833,44,litter_colour,191,339,0,324,383,355,COLOR_SEC
11:38:28.897,45,litter_yolo,1286,626,1058,304,1514,948,YOLO
11:38:28.966,45,litter_colour,329,1058,64,1036,595,1080,COLOR_SEC
11:38:28.966,45,litter_colour,532,1043,465,1034,600,1053,COLOR_SEC
11:38:28.966,45,litter_colour,294,663,200,633,388,693,COLOR_SEC
11:38:28.966,45,litter_colour,191,339,0,324,383,355,COLOR_SEC
11:38:29.042,46,litter_yolo,1258,624,1037,303,1480,945,YOLO
11:38:29.108,46,litter_colour,329,1058,64,1036,595,1080,COLOR_SEC
11:38:29.108,46,litter_colour,532,1043,465,1034,600,1053,COLOR_SEC
11:38:29.108,46,litter_colour,293,663,200,633,387,693,COLOR_SEC
11:38:29.108,46,litter_colour,191,339,0,324,383,355,COLOR_SEC
11:38:29.182,47,litter_yolo,1238,579,1017,309,1460,849,YOLO
11:38:29.249,47,litter_colour,329,1058,64,1036,595,1080,COLOR_SEC
11:38:29.249,47,litter_colour,532,1043,465,1034,600,1053,COLOR_SEC
11:38:29.249,47,litter_colour,293,663,200,633,387,693,COLOR_SEC
11:38:29.249,47,litter_colour,191,339,0,324,383,355,COLOR_SEC
11:38:29.323,48,litter_yolo,1223,564,1001,308,1445,820,YOLO
11:38:29.388,48,litter_colour,329,1058,64,1036,595,1080,COLOR_SEC
11:38:29.388,48,litter_colour,532,1043,465,1034,600,1053,COLOR_SEC
11:38:29.388,48,litter_colour,296,663,200,633,392,693,COLOR_SEC
11:38:29.388,48,litter_colour,191,339,0,324,383,355,COLOR_SEC
11:38:29.466,49,litter_yolo,1206,592,984,309,1428,875,YOLO
11:38:29.534,49,litter_colour,329,1058,64,1036,595,1080,COLOR_SEC
11:38:29.534,49,litter_colour,532,1043,465,1034,600,1053,COLOR_SEC
11:38:29.534,49,litter_colour,295,663,200,633,391,693,COLOR_SEC
11:38:29.534,49,litter_colour,191,339,0,324,383,355,COLOR_SEC
11:38:29.601,50,litter_yolo,1200,576,977,310,1423,842,YOLO
11:38:29.665,50,litter_colour,329,1058,64,1036,595,1080,COLOR_SEC
11:38:29.665,50,litter_colour,532,1044,465,1034,600,1054,COLOR_SEC
11:38:29.665,50,litter_colour,296,663,200,633,393,693,COLOR_SEC
11:38:29.665,50,litter_colour,191,339,0,324,383,355,COLOR_SEC
11:38:29.712,51,litter_yolo,1195,624,971,312,1419,937,YOLO
11:38:29.774,51,litter_colour,329,1058,64,1036,595,1080,COLOR_SEC
11:38:29.774,51,litter_colour,531,1043,464,1033,599,1053,COLOR_SEC
11:38:29.774,51,litter_colour,296,663,200,633,393,693,COLOR_SEC
11:38:29.774,51,litter_colour,191,339,0,324,383,355,COLOR_SEC
11:38:29.850,52,litter_yolo,1188,628,965,306,1411,950,YOLO
11:38:29.914,52,litter_colour,329,1058,64,1036,595,1080,COLOR_SEC
11:38:29.914,52,litter_colour,532,1043,465,1034,600,1053,COLOR_SEC
11:38:29.914,52,litter_colour,296,663,200,633,392,693,COLOR_SEC
11:38:29.914,52,litter_colour,191,339,0,324,383,355,COLOR_SEC
11:38:29.990,53,litter_yolo,1183,626,960,306,1406,947,YOLO
11:38:30.052,53,litter_colour,329,1058,64,1036,595,1080,COLOR_SEC
11:38:30.052,53,litter_colour,532,1043,465,1033,600,1054,COLOR_SEC
11:38:30.052,53,litter_colour,297,663,200,633,394,693,COLOR_SEC
11:38:30.052,53,litter_colour,191,339,0,324,383,355,COLOR_SEC
11:38:30.102,54,litter_yolo,1177,578,952,308,1403,848,YOLO
11:38:30.163,54,litter_colour,329,1058,64,1036,595,1080,COLOR_SEC
11:38:30.163,54,litter_colour,532,1043,464,1033,600,1054,COLOR_SEC
11:38:30.163,54,litter_colour,306,663,200,633,412,694,COLOR_SEC
11:38:30.163,54,litter_colour,192,339,0,324,384,355,COLOR_SEC
11:38:30.237,55,litter_yolo,1181,628,958,307,1405,950,YOLO
11:38:30.298,55,litter_colour,329,1058,64,1036,595,1080,COLOR_SEC
11:38:30.298,55,litter_colour,532,1043,464,1033,600,1053,COLOR_SEC
11:38:30.298,55,litter_colour,295,663,200,633,390,693,COLOR_SEC
11:38:30.298,55,litter_colour,191,339,0,324,383,355,COLOR_SEC
11:38:30.343,56,litter_yolo,1183,587,957,312,1409,862,YOLO
11:38:30.406,56,litter_colour,329,1058,64,1036,595,1080,COLOR_SEC
11:38:30.406,56,litter_colour,532,1043,465,1033,600,1053,COLOR_SEC
11:38:30.406,56,litter_colour,296,663,200,633,393,693,COLOR_SEC
11:38:30.406,56,litter_colour,191,339,0,324,383,355,COLOR_SEC
11:38:30.451,57,litter_yolo,1184,633,958,315,1410,951,YOLO
11:38:30.513,57,litter_colour,329,1058,64,1036,595,1080,COLOR_SEC
11:38:30.513,57,litter_colour,532,1043,465,1033,600,1053,COLOR_SEC
11:38:30.513,57,litter_colour,298,663,200,633,396,693,COLOR_SEC
11:38:30.513,57,litter_colour,192,339,0,324,384,355,COLOR_SEC
11:38:30.557,58,litter_yolo,1182,631,958,312,1406,951,YOLO
11:38:30.621,58,litter_colour,329,1058,64,1036,595,1080,COLOR_SEC
11:38:30.621,58,litter_colour,532,1043,464,1033,600,1053,COLOR_SEC
11:38:30.621,58,litter_colour,297,663,200,633,394,693,COLOR_SEC
11:38:30.621,58,litter_colour,191,339,0,324,383,355,COLOR_SEC
11:38:30.698,59,litter_yolo,1177,611,951,314,1403,908,YOLO
11:38:30.763,59,litter_colour,329,1058,64,1036,595,1080,COLOR_SEC
11:38:30.763,59,litter_colour,532,1043,465,1033,600,1053,COLOR_SEC
11:38:30.763,59,litter_colour,306,663,200,633,413,694,COLOR_SEC
11:38:30.763,59,litter_colour,191,339,0,324,383,355,COLOR_SEC
11:38:30.839,60,litter_yolo,1174,613,948,312,1401,914,YOLO
11:38:30.902,60,litter_colour,329,1058,64,1036,595,1080,COLOR_SEC
11:38:30.902,60,litter_colour,532,1043,465,1033,600,1053,COLOR_SEC
11:38:30.902,60,litter_colour,305,663,200,633,411,693,COLOR_SEC
11:38:30.902,60,litter_colour,191,339,0,324,383,355,COLOR_SEC
11:38:30.981,61,litter_yolo,1174,603,948,317,1400,890,YOLO
11:38:31.054,61,litter_colour,329,1058,64,1036,595,1080,COLOR_SEC
11:38:31.054,61,litter_colour,532,1043,465,1033,600,1053,COLOR_SEC
11:38:31.054,61,litter_colour,304,663,200,633,409,693,COLOR_SEC
11:38:31.054,61,litter_colour,191,339,0,324,383,355,COLOR_SEC
11:38:31.122,62,litter_yolo,1173,594,948,320,1398,868,YOLO
11:38:31.186,62,litter_colour,329,1058,64,1036,595,1080,COLOR_SEC
11:38:31.186,62,litter_colour,532,1043,465,1033,600,1053,COLOR_SEC
11:38:31.186,62,litter_colour,296,663,200,633,393,693,COLOR_SEC
11:38:31.186,62,litter_colour,191,339,0,324,383,355,COLOR_SEC
11:38:31.261,63,litter_yolo,1174,593,949,321,1399,866,YOLO
11:38:31.324,63,litter_colour,329,1058,64,1036,595,1080,COLOR_SEC
11:38:31.324,63,litter_colour,532,1043,465,1033,600,1053,COLOR_SEC
11:38:31.324,63,litter_colour,307,663,200,633,414,693,COLOR_SEC
11:38:31.324,63,litter_colour,192,339,0,324,384,355,COLOR_SEC
11:38:31.372,64,litter_yolo,1173,601,947,320,1400,882,YOLO
11:38:31.438,64,litter_colour,329,1058,64,1036,595,1080,COLOR_SEC
11:38:31.438,64,litter_colour,532,1043,465,1033,600,1053,COLOR_SEC
11:38:31.438,64,litter_colour,296,663,200,633,393,693,COLOR_SEC
11:38:31.438,64,litter_colour,191,339,0,324,383,355,COLOR_SEC
11:38:31.513,65,litter_yolo,1174,605,947,323,1401,887,YOLO
11:38:31.587,65,litter_colour,329,1058,64,1036,595,1080,COLOR_SEC
11:38:31.587,65,litter_colour,532,1043,465,1033,600,1054,COLOR_SEC
11:38:31.587,65,litter_colour,297,663,200,633,395,693,COLOR_SEC
11:38:31.587,65,litter_colour,191,339,0,324,383,355,COLOR_SEC
11:38:31.655,66,litter_yolo,1171,629,946,325,1397,934,YOLO
11:38:31.717,66,litter_colour,329,1058,64,1036,595,1080,COLOR_SEC
11:38:31.717,66,litter_colour,532,1043,465,1033,600,1054,COLOR_SEC
11:38:31.718,66,litter_colour,305,663,200,633,411,694,COLOR_SEC
11:38:31.718,66,litter_colour,191,339,0,324,383,355,COLOR_SEC
11:38:31.794,67,litter_yolo,1171,621,944,330,1398,913,YOLO
11:38:31.856,67,litter_colour,329,1058,64,1036,595,1080,COLOR_SEC
11:38:31.856,67,litter_colour,532,1043,465,1033,600,1053,COLOR_SEC
11:38:31.856,67,litter_colour,298,662,200,632,397,693,COLOR_SEC
11:38:31.856,67,litter_colour,191,339,0,324,383,355,COLOR_SEC
11:38:31.904,68,litter_yolo,1171,624,944,329,1398,919,YOLO
11:38:31.964,68,litter_colour,329,1058,64,1036,595,1080,COLOR_SEC
11:38:31.964,68,litter_colour,532,1043,465,1033,600,1053,COLOR_SEC
11:38:31.964,68,litter_colour,304,663,200,633,409,693,COLOR_SEC
11:38:31.964,68,litter_colour,191,339,0,324,383,355,COLOR_SEC
11:38:32.009,69,litter_yolo,1169,634,942,329,1397,940,YOLO
11:38:32.070,69,litter_colour,329,1058,64,1036,595,1080,COLOR_SEC
11:38:32.070,69,litter_colour,532,1043,465,1033,600,1053,COLOR_SEC
11:38:32.070,69,litter_colour,295,663,200,633,390,693,COLOR_SEC
11:38:32.070,69,litter_colour,192,339,0,324,384,355,COLOR_SEC
11:38:32.116,70,litter_yolo,1167,605,937,322,1397,889,YOLO
11:38:32.177,70,litter_colour,329,1058,64,1036,595,1080,COLOR_SEC
11:38:32.177,70,litter_colour,532,1043,465,1033,600,1053,COLOR_SEC
11:38:32.177,70,litter_colour,296,663,200,633,393,693,COLOR_SEC
11:38:32.177,70,litter_colour,191,339,0,324,383,355,COLOR_SEC
11:38:32.222,71,litter_yolo,1162,631,931,330,1394,933,YOLO
11:38:32.284,71,litter_colour,329,1058,64,1036,595,1080,COLOR_SEC
11:38:32.287,71,litter_colour,532,1043,465,1033,600,1053,COLOR_SEC
11:38:32.287,71,litter_colour,306,663,200,633,412,694,COLOR_SEC
11:38:32.287,71,litter_colour,191,339,0,324,383,355,COLOR_SEC
11:38:32.359,72,litter_yolo,1159,629,929,323,1389,936,YOLO
11:38:32.422,72,litter_colour,329,1058,64,1036,595,1080,COLOR_SEC
11:38:32.422,72,litter_colour,532,1043,465,1033,600,1053,COLOR_SEC
11:38:32.422,72,litter_colour,307,663,200,633,415,693,COLOR_SEC
11:38:32.422,72,litter_colour,191,339,0,324,383,355,COLOR_SEC
11:38:32.465,73,litter_yolo,1159,603,929,327,1390,879,YOLO
11:38:32.528,73,litter_colour,329,1058,64,1036,595,1080,COLOR_SEC
11:38:32.528,73,litter_colour,532,1043,465,1033,600,1053,COLOR_SEC
11:38:32.528,73,litter_colour,306,663,200,633,413,694,COLOR_SEC
11:38:32.528,73,litter_colour,191,339,0,324,383,355,COLOR_SEC
11:38:32.572,74,litter_yolo,1159,601,930,327,1389,876,YOLO
11:38:32.635,74,litter_colour,329,1058,64,1036,595,1080,COLOR_SEC
11:38:32.635,74,litter_colour,532,1043,465,1033,600,1053,COLOR_SEC
11:38:32.635,74,litter_colour,297,663,200,633,395,693,COLOR_SEC
11:38:32.635,74,litter_colour,191,339,0,324,383,355,COLOR_SEC
11:38:32.682,75,litter_yolo,1156,621,928,327,1384,915,YOLO
11:38:32.745,75,litter_colour,329,1058,64,1036,595,1080,COLOR_SEC
11:38:32.745,75,litter_colour,532,1043,465,1033,600,1053,COLOR_SEC
11:38:32.745,75,litter_colour,298,663,200,633,397,693,COLOR_SEC
11:38:32.745,75,litter_colour,191,339,0,324,383,355,COLOR_SEC
11:38:32.824,76,litter_yolo,1154,604,927,324,1381,884,YOLO
11:38:32.886,76,litter_colour,329,1058,64,1036,595,1080,COLOR_SEC
11:38:32.886,76,litter_colour,532,1043,465,1034,600,1053,COLOR_SEC
11:38:32.886,76,litter_colour,298,663,200,633,397,693,COLOR_SEC
11:38:32.886,76,litter_colour,191,339,0,324,383,355,COLOR_SEC
11:38:32.962,77,litter_yolo,1152,594,927,322,1377,866,YOLO
11:38:33.026,77,litter_colour,329,1058,64,1036,595,1080,COLOR_SEC
11:38:33.026,77,litter_colour,532,1043,465,1033,600,1053,COLOR_SEC
11:38:33.026,77,litter_colour,296,663,200,633,393,693,COLOR_SEC
11:38:33.026,77,litter_colour,191,339,0,324,383,355,COLOR_SEC
11:38:33.068,78,litter_yolo,1152,594,927,325,1377,864,YOLO
11:38:33.131,78,litter_colour,329,1058,64,1036,595,1080,COLOR_SEC
11:38:33.131,78,litter_colour,532,1043,465,1033,600,1053,COLOR_SEC
11:38:33.131,78,litter_colour,306,663,200,633,413,694,COLOR_SEC
11:38:33.131,78,litter_colour,191,339,0,324,383,355,COLOR_SEC
11:38:33.210,79,litter_yolo,1154,595,927,321,1381,869,YOLO
11:38:33.271,79,litter_colour,329,1058,64,1036,595,1080,COLOR_SEC
11:38:33.271,79,litter_colour,532,1043,465,1033,600,1053,COLOR_SEC
11:38:33.271,79,litter_colour,306,663,200,633,412,693,COLOR_SEC
11:38:33.271,79,litter_colour,191,339,0,324,383,355,COLOR_SEC
11:38:33.317,80,litter_yolo,1154,600,929,321,1380,879,YOLO
11:38:33.378,80,litter_colour,329,1058,64,1036,595,1080,COLOR_SEC
11:38:33.378,80,litter_colour,532,1043,465,1033,600,1053,COLOR_SEC
11:38:33.378,80,litter_colour,297,663,200,633,395,693,COLOR_SEC
11:38:33.378,80,litter_colour,191,339,0,324,383,355,COLOR_SEC
11:38:33.425,81,litter_yolo,1155,595,931,325,1380,865,YOLO
11:38:33.487,81,litter_colour,329,1058,64,1036,595,1080,COLOR_SEC
11:38:33.487,81,litter_colour,532,1043,465,1033,600,1053,COLOR_SEC
11:38:33.487,81,litter_colour,300,663,200,633,400,693,COLOR_SEC
11:38:33.487,81,litter_colour,191,339,0,324,383,355,COLOR_SEC
11:38:33.566,82,litter_yolo,1156,597,931,322,1382,872,YOLO
11:38:33.629,82,litter_colour,329,1058,64,1036,595,1080,COLOR_SEC
11:38:33.629,82,litter_colour,532,1043,465,1033,600,1053,COLOR_SEC
11:38:33.629,82,litter_colour,305,663,200,633,411,693,COLOR_SEC
11:38:33.629,82,litter_colour,192,339,0,324,384,355,COLOR_SEC
11:38:33.708,83,litter_yolo,1154,596,929,320,1380,872,YOLO
11:38:33.771,83,litter_colour,329,1058,64,1036,595,1080,COLOR_SEC
11:38:33.771,83,litter_colour,532,1043,465,1034,600,1053,COLOR_SEC
11:38:33.771,83,litter_colour,307,663,200,633,414,693,COLOR_SEC
11:38:33.771,83,litter_colour,191,339,0,324,383,355,COLOR_SEC
11:38:33.847,84,litter_yolo,1154,593,929,322,1380,864,YOLO
11:38:33.912,84,litter_colour,329,1058,64,1036,595,1080,COLOR_SEC
11:38:33.912,84,litter_colour,532,1043,465,1033,600,1053,COLOR_SEC
11:38:33.912,84,litter_colour,305,663,200,633,411,694,COLOR_SEC
11:38:33.912,84,litter_colour,191,339,0,324,383,355,COLOR_SEC
11:38:33.990,85,litter_yolo,1155,595,930,323,1380,868,YOLO
11:38:34.058,85,litter_colour,329,1058,64,1036,595,1080,COLOR_SEC
11:38:34.058,85,litter_colour,532,1043,465,1034,600,1053,COLOR_SEC
11:38:34.058,85,litter_colour,306,663,200,633,412,693,COLOR_SEC
11:38:34.058,85,litter_colour,191,339,0,324,383,355,COLOR_SEC
11:38:34.135,86,litter_yolo,1155,593,930,323,1380,863,YOLO
11:38:34.204,86,litter_colour,329,1058,64,1036,595,1080,COLOR_SEC
11:38:34.204,86,litter_colour,532,1043,465,1033,600,1053,COLOR_SEC
11:38:34.204,86,litter_colour,306,663,200,633,413,694,COLOR_SEC
11:38:34.204,86,litter_colour,192,339,0,324,384,355,COLOR_SEC
11:38:34.268,87,litter_yolo,1156,593,931,324,1381,863,YOLO
11:38:34.330,87,litter_colour,329,1058,64,1036,595,1080,COLOR_SEC
11:38:34.330,87,litter_colour,532,1043,465,1033,600,1053,COLOR_SEC
11:38:34.330,87,litter_colour,306,663,200,633,413,693,COLOR_SEC
11:38:34.330,87,litter_colour,192,339,0,324,384,355,COLOR_SEC
11:38:34.375,88,litter_yolo,1156,594,931,324,1381,864,YOLO
11:38:34.439,88,litter_colour,329,1058,64,1036,595,1080,COLOR_SEC
11:38:34.439,88,litter_colour,532,1043,465,1033,599,1053,COLOR_SEC
11:38:34.439,88,litter_colour,306,663,200,633,413,694,COLOR_SEC
11:38:34.439,88,litter_colour,191,339,0,324,383,355,COLOR_SEC
11:38:34.517,89,litter_yolo,1159,600,934,321,1385,880,YOLO
11:38:34.582,89,litter_colour,329,1058,64,1036,595,1080,COLOR_SEC
11:38:34.582,89,litter_colour,532,1043,465,1033,600,1053,COLOR_SEC
11:38:34.582,89,litter_colour,306,663,200,633,413,693,COLOR_SEC
11:38:34.582,89,litter_colour,191,339,0,324,383,355,COLOR_SEC
11:38:34.661,90,litter_yolo,1166,631,937,325,1395,938,YOLO
11:38:34.727,90,litter_colour,329,1058,64,1036,595,1080,COLOR_SEC
11:38:34.727,90,litter_colour,532,1043,465,1033,600,1053,COLOR_SEC
11:38:34.727,90,litter_colour,308,663,200,633,416,693,COLOR_SEC
11:38:34.727,90,litter_colour,191,339,0,324,383,355,COLOR_SEC
11:38:34.799,91,litter_yolo,1170,637,944,323,1396,951,YOLO
11:38:34.864,91,litter_colour,329,1058,64,1036,595,1080,COLOR_SEC
11:38:34.864,91,litter_colour,532,1043,465,1034,600,1053,COLOR_SEC
11:38:34.864,91,litter_colour,307,663,200,633,414,694,COLOR_SEC
11:38:34.864,91,litter_colour,191,339,0,324,383,355,COLOR_SEC
11:38:34.941,92,litter_yolo,1173,638,945,327,1402,950,YOLO
11:38:35.003,92,litter_colour,329,1058,64,1036,595,1080,COLOR_SEC
11:38:35.003,92,litter_colour,532,1043,465,1033,600,1053,COLOR_SEC
11:38:35.003,92,litter_colour,306,663,200,633,412,694,COLOR_SEC
11:38:35.003,92,litter_colour,191,339,0,324,383,355,COLOR_SEC
11:38:35.048,93,litter_yolo,1175,637,946,324,1405,951,YOLO
11:38:35.108,93,litter_colour,329,1058,64,1036,595,1080,COLOR_SEC
11:38:35.108,93,litter_colour,532,1043,465,1033,600,1053,COLOR_SEC
11:38:35.108,93,litter_colour,299,663,200,633,399,693,COLOR_SEC
11:38:35.108,93,litter_colour,191,339,0,324,383,355,COLOR_SEC
11:38:35.156,94,litter_yolo,1177,637,949,324,1405,951,YOLO
11:38:35.219,94,litter_colour,329,1070,64,1060,595,1080,COLOR_SEC
11:38:35.219,94,litter_colour,532,1043,465,1033,600,1053,COLOR_SEC
11:38:35.219,94,litter_colour,307,663,200,633,414,694,COLOR_SEC
11:38:35.219,94,litter_colour,191,339,0,324,383,355,COLOR_SEC
11:38:35.292,95,litter_yolo,1183,633,953,315,1413,951,YOLO
11:38:35.355,95,litter_colour,329,1058,64,1036,595,1080,COLOR_SEC
11:38:35.355,95,litter_colour,532,1043,465,1033,600,1053,COLOR_SEC
11:38:35.355,95,litter_colour,307,662,200,632,414,693,COLOR_SEC
11:38:35.355,95,litter_colour,191,339,0,324,383,355,COLOR_SEC
11:38:35.401,96,litter_yolo,1183,632,952,313,1414,951,YOLO
11:38:35.463,96,litter_colour,329,1058,64,1036,595,1080,COLOR_SEC
11:38:35.463,96,litter_colour,532,1043,465,1033,600,1054,COLOR_SEC
11:38:35.463,96,litter_colour,306,663,200,633,413,693,COLOR_SEC
11:38:35.463,96,litter_colour,192,339,0,324,384,355,COLOR_SEC
11:38:35.508,97,litter_yolo,1181,634,952,318,1410,951,YOLO
11:38:35.569,97,litter_colour,329,1058,64,1036,595,1080,COLOR_SEC
11:38:35.569,97,litter_colour,532,1043,465,1033,600,1053,COLOR_SEC
11:38:35.569,97,litter_colour,306,663,200,633,413,693,COLOR_SEC
11:38:35.569,97,litter_colour,191,339,0,324,383,355,COLOR_SEC
11:38:35.651,98,litter_yolo,1176,639,946,322,1406,956,YOLO
11:38:35.716,98,litter_colour,329,1058,64,1036,595,1080,COLOR_SEC
11:38:35.716,98,litter_colour,532,1043,465,1033,600,1053,COLOR_SEC
11:38:35.716,98,litter_colour,307,663,200,633,414,694,COLOR_SEC
11:38:35.716,98,litter_colour,191,339,0,324,383,355,COLOR_SEC
11:38:35.790,99,litter_yolo,1175,640,946,324,1405,956,YOLO
11:38:35.855,99,litter_colour,329,1058,64,1036,595,1080,COLOR_SEC
11:38:35.855,99,litter_colour,532,1043,465,1033,600,1053,COLOR_SEC
11:38:35.855,99,litter_colour,307,663,200,633,414,693,COLOR_SEC
11:38:35.855,99,litter_colour,191,339,0,324,383,355,COLOR_SEC
11:38:35.929,100,litter_yolo,1175,636,948,321,1402,952,YOLO
11:38:35.996,100,litter_colour,329,1058,64,1036,595,1080,COLOR_SEC
11:38:35.996,100,litter_colour,532,1043,465,1033,600,1053,COLOR_SEC
11:38:35.996,100,litter_colour,306,663,200,633,413,694,COLOR_SEC
11:38:35.996,100,litter_colour,191,339,0,324,383,355,COLOR_SEC
11:38:36.073,101,litter_yolo,1175,637,949,322,1401,952,YOLO
11:38:36.143,101,litter_colour,329,1058,64,1036,595,1080,COLOR_SEC
11:38:36.143,101,litter_colour,532,1043,465,1033,600,1053,COLOR_SEC
11:38:36.143,101,litter_colour,306,663,200,633,413,694,COLOR_SEC
11:38:36.143,101,litter_colour,191,339,0,324,383,355,COLOR_SEC
11:38:36.215,102,litter_yolo,1175,635,948,318,1402,952,YOLO
11:38:36.284,102,litter_colour,329,1058,64,1036,595,1080,COLOR_SEC
11:38:36.284,102,litter_colour,532,1043,465,1033,600,1053,COLOR_SEC
11:38:36.284,102,litter_colour,307,663,200,632,414,694,COLOR_SEC
11:38:36.284,102,litter_colour,192,339,0,324,384,355,COLOR_SEC
11:38:36.356,103,litter_yolo,1178,632,950,314,1406,951,YOLO
11:38:36.425,103,litter_colour,329,1058,63,1036,595,1080,COLOR_SEC
11:38:36.425,103,litter_colour,532,1043,465,1033,600,1053,COLOR_SEC
11:38:36.425,103,litter_colour,308,663,200,632,416,694,COLOR_SEC
11:38:36.425,103,litter_colour,192,339,0,324,384,355,COLOR_SEC
11:38:36.496,104,litter_yolo,1181,633,952,316,1410,950,YOLO
11:38:36.561,104,litter_colour,329,1058,63,1036,595,1080,COLOR_SEC
11:38:36.561,104,litter_colour,532,1043,465,1033,600,1053,COLOR_SEC
11:38:36.561,104,litter_colour,308,663,200,633,417,694,COLOR_SEC
11:38:36.561,104,litter_colour,191,339,0,324,383,355,COLOR_SEC
11:38:36.642,105,litter_yolo,1182,634,953,318,1411,950,YOLO
11:38:36.706,105,litter_colour,329,1058,63,1036,595,1080,COLOR_SEC
11:38:36.706,105,litter_colour,532,1043,465,1033,600,1053,COLOR_SEC
11:38:36.706,105,litter_colour,305,663,200,632,411,694,COLOR_SEC
11:38:36.706,105,litter_colour,192,339,0,324,384,355,COLOR_SEC
11:38:36.783,106,litter_yolo,1181,636,953,323,1410,950,YOLO
11:38:36.849,106,litter_colour,329,1058,63,1036,595,1080,COLOR_SEC
11:38:36.849,106,litter_colour,532,1043,465,1033,600,1053,COLOR_SEC
11:38:36.849,106,litter_colour,306,663,200,633,413,694,COLOR_SEC
11:38:36.849,106,litter_colour,192,339,0,324,384,355,COLOR_SEC
11:38:36.918,107,litter_yolo,1176,633,951,316,1402,950,YOLO
11:38:36.983,107,litter_colour,329,1058,63,1036,595,1080,COLOR_SEC
11:38:36.983,107,litter_colour,532,1043,465,1033,600,1053,COLOR_SEC
11:38:36.983,107,litter_colour,308,663,200,633,416,694,COLOR_SEC
11:38:36.983,107,litter_colour,192,339,0,324,384,355,COLOR_SEC
11:38:37.063,108,litter_yolo,1175,639,948,327,1403,952,YOLO
11:38:37.131,108,litter_colour,329,1058,64,1036,595,1080,COLOR_SEC
11:38:37.131,108,litter_colour,532,1043,465,1033,600,1053,COLOR_SEC
11:38:37.131,108,litter_colour,306,663,200,633,413,694,COLOR_SEC
11:38:37.131,108,litter_colour,192,339,0,324,384,355,COLOR_SEC
11:38:37.205,109,litter_yolo,1176,635,952,321,1401,950,YOLO
11:38:37.285,109,litter_colour,329,1058,64,1036,595,1080,COLOR_SEC
11:38:37.285,109,litter_colour,532,1043,465,1033,600,1053,COLOR_SEC
11:38:37.285,109,litter_colour,306,663,200,633,413,693,COLOR_SEC
11:38:37.285,109,litter_colour,192,339,0,324,384,355,COLOR_SEC
11:38:37.345,110,litter_yolo,1181,637,954,324,1408,950,YOLO
11:38:37.415,110,litter_colour,329,1058,63,1036,595,1080,COLOR_SEC
11:38:37.415,110,litter_colour,532,1043,465,1033,600,1053,COLOR_SEC
11:38:37.415,110,litter_colour,306,663,200,633,413,694,COLOR_SEC
11:38:37.415,110,litter_colour,191,339,0,324,383,355,COLOR_SEC
11:38:37.487,111,litter_yolo,1180,636,953,322,1408,951,YOLO
11:38:37.556,111,litter_colour,329,1058,64,1036,595,1080,COLOR_SEC
11:38:37.556,111,litter_colour,532,1043,465,1033,600,1053,COLOR_SEC
11:38:37.556,111,litter_colour,308,663,200,633,416,694,COLOR_SEC
11:38:37.556,111,litter_colour,192,339,0,324,384,355,COLOR_SEC
11:38:37.628,112,litter_yolo,1179,635,952,320,1406,950,YOLO
11:38:37.698,112,litter_colour,329,1058,63,1036,595,1080,COLOR_SEC
11:38:37.698,112,litter_colour,532,1043,465,1033,600,1053,COLOR_SEC
11:38:37.698,112,litter_colour,307,662,200,632,415,693,COLOR_SEC
11:38:37.698,112,litter_colour,192,339,0,324,384,355,COLOR_SEC
11:38:37.770,113,litter_yolo,1178,635,953,320,1403,951,YOLO
11:38:37.840,113,litter_colour,329,1058,64,1036,595,1080,COLOR_SEC
11:38:37.840,113,litter_colour,532,1043,465,1033,600,1053,COLOR_SEC
11:38:37.840,113,litter_colour,308,663,200,633,417,694,COLOR_SEC
11:38:37.840,113,litter_colour,191,339,0,324,383,355,COLOR_SEC
11:38:37.914,114,litter_yolo,1176,636,952,321,1401,951,YOLO
11:38:37.985,114,litter_colour,329,1058,64,1036,595,1080,COLOR_SEC
11:38:37.985,114,litter_colour,532,1043,465,1033,600,1053,COLOR_SEC
11:38:37.985,114,litter_colour,308,663,200,633,416,694,COLOR_SEC
11:38:37.985,114,litter_colour,191,339,0,324,383,355,COLOR_SEC
11:38:38.051,115,litter_yolo,1183,637,956,323,1411,951,YOLO
11:38:38.123,115,litter_colour,329,1058,64,1036,595,1080,COLOR_SEC
11:38:38.123,115,litter_colour,532,1043,465,1033,600,1053,COLOR_SEC
11:38:38.123,115,litter_colour,306,663,200,632,413,694,COLOR_SEC
11:38:38.123,115,litter_colour,192,339,0,324,384,355,COLOR_SEC
11:38:38.191,116,litter_yolo,1188,632,960,314,1417,951,YOLO
11:38:38.257,116,litter_colour,329,1058,64,1036,595,1080,COLOR_SEC
11:38:38.257,116,litter_colour,532,1043,465,1033,600,1053,COLOR_SEC
11:38:38.257,116,litter_colour,308,662,200,632,416,693,COLOR_SEC
11:38:38.257,116,litter_colour,191,339,0,324,383,355,COLOR_SEC
11:38:38.335,117,litter_yolo,1192,631,962,310,1423,952,YOLO
11:38:38.403,117,litter_colour,329,1058,64,1036,595,1080,COLOR_SEC
11:38:38.403,117,litter_colour,532,1043,465,1033,600,1053,COLOR_SEC
11:38:38.403,117,litter_colour,306,663,200,633,412,694,COLOR_SEC
11:38:38.403,117,litter_colour,191,339,0,324,383,355,COLOR_SEC
11:38:38.479,118,litter_yolo,1196,630,963,307,1430,953,YOLO
11:38:38.545,118,litter_colour,329,1058,64,1036,595,1080,COLOR_SEC
11:38:38.545,118,litter_colour,532,1043,465,1033,599,1053,COLOR_SEC
11:38:38.545,118,litter_colour,306,663,200,633,413,694,COLOR_SEC
11:38:38.545,118,litter_colour,192,339,0,324,384,355,COLOR_SEC
11:38:38.618,119,litter_yolo,1202,627,969,303,1435,952,YOLO
11:38:38.683,119,litter_colour,329,1058,64,1036,595,1080,COLOR_SEC
11:38:38.683,119,litter_colour,531,1043,464,1033,599,1053,COLOR_SEC
11:38:38.683,119,litter_colour,307,663,200,633,414,694,COLOR_SEC
11:38:38.683,119,litter_colour,192,339,0,324,384,355,COLOR_SEC
11:38:38.758,120,litter_yolo,1204,631,971,310,1437,953,YOLO
11:38:38.822,120,litter_colour,329,1058,64,1036,595,1080,COLOR_SEC
11:38:38.822,120,litter_colour,531,1043,464,1033,599,1053,COLOR_SEC
11:38:38.822,120,litter_colour,308,663,200,633,416,693,COLOR_SEC
11:38:38.822,120,litter_colour,191,339,0,324,383,355,COLOR_SEC
11:38:38.863,121,litter_yolo,1201,632,968,312,1435,952,YOLO
11:38:38.927,121,litter_colour,329,1058,64,1036,595,1080,COLOR_SEC
11:38:38.927,121,litter_colour,532,1043,464,1033,600,1053,COLOR_SEC
11:38:38.927,121,litter_colour,308,663,200,633,416,694,COLOR_SEC
11:38:38.927,121,litter_colour,191,339,0,324,383,355,COLOR_SEC
11:38:38.972,122,litter_yolo,1200,633,970,316,1430,951,YOLO
11:38:39.036,122,litter_colour,329,1058,64,1036,595,1080,COLOR_SEC
11:38:39.036,122,litter_colour,532,1043,464,1033,600,1053,COLOR_SEC
11:38:39.036,122,litter_colour,309,663,200,633,418,694,COLOR_SEC
11:38:39.036,122,litter_colour,191,339,0,324,383,355,COLOR_SEC
11:38:39.118,123,litter_yolo,1200,634,968,318,1432,951,YOLO
11:38:39.185,123,litter_colour,329,1058,64,1036,595,1080,COLOR_SEC
11:38:39.186,123,litter_colour,532,1043,464,1033,600,1053,COLOR_SEC
11:38:39.186,123,litter_colour,307,663,200,633,415,693,COLOR_SEC
11:38:39.186,123,litter_colour,191,339,0,324,383,355,COLOR_SEC
11:38:39.258,124,litter_yolo,1206,631,979,309,1434,953,YOLO
11:38:39.325,124,litter_colour,329,1058,64,1036,595,1080,COLOR_SEC
11:38:39.325,124,litter_colour,532,1043,465,1033,600,1053,COLOR_SEC
11:38:39.325,124,litter_colour,309,663,200,633,419,694,COLOR_SEC
11:38:39.325,124,litter_colour,191,339,0,324,383,355,COLOR_SEC
11:38:39.395,125,litter_yolo,1204,634,986,319,1422,949,YOLO
11:38:39.459,125,litter_colour,329,1058,64,1036,595,1080,COLOR_SEC
11:38:39.459,125,litter_colour,532,1043,465,1033,600,1053,COLOR_SEC
11:38:39.459,125,litter_colour,307,663,200,633,415,694,COLOR_SEC
11:38:39.459,125,litter_colour,191,339,0,324,383,355,COLOR_SEC
11:38:39.541,126,litter_yolo,1198,631,987,316,1409,946,YOLO
11:38:39.609,126,litter_colour,329,1058,64,1036,595,1080,COLOR_SEC
11:38:39.609,126,litter_colour,532,1043,465,1033,600,1053,COLOR_SEC
11:38:39.609,126,litter_colour,307,663,200,633,415,694,COLOR_SEC
11:38:39.609,126,litter_colour,191,339,0,324,383,355,COLOR_SEC
11:38:39.740,127,litter_colour,329,1058,64,1036,595,1080,COLOR_SEC
11:38:39.740,127,litter_colour,532,1043,465,1033,600,1053,COLOR_SEC
11:38:39.740,127,litter_colour,307,663,200,633,414,694,COLOR_SEC
11:38:39.740,127,litter_colour,191,339,0,324,383,355,COLOR_SEC
11:38:39.849,128,litter_colour,329,1058,64,1036,595,1080,COLOR_SEC
11:38:39.849,128,litter_colour,532,1043,465,1034,600,1053,COLOR_SEC
11:38:39.849,128,litter_colour,307,663,200,633,414,694,COLOR_SEC
11:38:39.849,128,litter_colour,191,339,0,324,383,355,COLOR_SEC
11:38:40.003,129,litter_colour,329,1058,64,1036,595,1080,COLOR_SEC
11:38:40.003,129,litter_colour,532,1043,465,1033,600,1053,COLOR_SEC
11:38:40.003,129,litter_colour,306,663,200,633,412,694,COLOR_SEC
11:38:40.003,129,litter_colour,192,339,0,324,384,355,COLOR_SEC
11:38:40.137,130,litter_colour,329,1058,64,1036,595,1080,COLOR_SEC
11:38:40.137,130,litter_colour,532,1043,465,1033,599,1053,COLOR_SEC
11:38:40.137,130,litter_colour,307,663,200,633,415,694,COLOR_SEC
11:38:40.137,130,litter_colour,191,339,0,324,383,355,COLOR_SEC
11:38:40.277,131,litter_colour,329,1058,64,1036,595,1080,COLOR_SEC
11:38:40.277,131,litter_colour,532,1043,465,1033,599,1053,COLOR_SEC
11:38:40.277,131,litter_colour,298,663,200,633,396,693,COLOR_SEC
11:38:40.277,131,litter_colour,191,339,0,324,383,355,COLOR_SEC
11:38:40.412,132,litter_colour,329,1058,64,1036,595,1080,COLOR_SEC
11:38:40.413,132,litter_colour,532,1043,465,1033,599,1053,COLOR_SEC
11:38:40.413,132,litter_colour,307,663,200,633,415,694,COLOR_SEC
11:38:40.413,132,litter_colour,191,339,0,324,383,355,COLOR_SEC
11:38:40.524,133,litter_colour,329,1058,64,1036,595,1080,COLOR_SEC
11:38:40.524,133,litter_colour,532,1043,465,1033,599,1053,COLOR_SEC
11:38:40.524,133,litter_colour,306,663,200,633,413,694,COLOR_SEC
11:38:40.524,133,litter_colour,191,339,0,324,383,355,COLOR_SEC
11:38:40.661,134,litter_colour,329,1058,64,1036,595,1080,COLOR_SEC
11:38:40.661,134,litter_colour,531,1043,464,1033,599,1053,COLOR_SEC
11:38:40.661,134,litter_colour,305,663,200,633,411,693,COLOR_SEC
11:38:40.661,134,litter_colour,191,339,0,324,383,355,COLOR_SEC
11:38:40.767,135,litter_colour,329,1058,64,1036,595,1080,COLOR_SEC
11:38:40.768,135,litter_colour,532,1043,465,1033,599,1053,COLOR_SEC
11:38:40.768,135,litter_colour,305,663,200,633,411,694,COLOR_SEC
11:38:40.768,135,litter_colour,191,339,0,324,383,355,COLOR_SEC
11:38:40.843,136,litter_yolo,1188,625,978,299,1399,952,YOLO
11:38:40.908,136,litter_colour,329,1058,64,1036,595,1080,COLOR_SEC
11:38:40.908,136,litter_colour,531,1043,464,1033,599,1054,COLOR_SEC
11:38:40.908,136,litter_colour,305,663,200,633,411,694,COLOR_SEC
11:38:40.908,136,litter_colour,191,339,0,324,383,355,COLOR_SEC
11:38:40.985,137,litter_yolo,1188,627,978,301,1399,953,YOLO
11:38:41.050,137,litter_colour,329,1058,64,1036,595,1080,COLOR_SEC
11:38:41.050,137,litter_colour,531,1043,464,1033,599,1054,COLOR_SEC
11:38:41.050,137,litter_colour,306,663,200,633,413,694,COLOR_SEC
11:38:41.050,137,litter_colour,191,339,0,324,383,355,COLOR_SEC
11:38:41.128,138,litter_yolo,1189,629,978,306,1400,952,YOLO
11:38:41.199,138,litter_colour,329,1058,64,1036,595,1080,COLOR_SEC
11:38:41.199,138,litter_colour,532,1043,465,1033,599,1054,COLOR_SEC
11:38:41.199,138,litter_colour,307,663,200,633,414,694,COLOR_SEC
11:38:41.199,138,litter_colour,191,339,0,324,383,355,COLOR_SEC
11:38:41.266,139,litter_yolo,1190,629,980,306,1400,952,YOLO
11:38:41.330,139,litter_colour,329,1058,64,1036,595,1080,COLOR_SEC
11:38:41.330,139,litter_colour,532,1043,465,1033,599,1053,COLOR_SEC
11:38:41.330,139,litter_colour,307,663,200,633,414,694,COLOR_SEC
11:38:41.330,139,litter_colour,191,339,0,324,383,355,COLOR_SEC
11:38:41.409,140,litter_yolo,1192,629,984,306,1401,952,YOLO
11:38:41.477,140,litter_colour,329,1058,64,1036,595,1080,COLOR_SEC
11:38:41.477,140,litter_colour,532,1043,465,1033,599,1053,COLOR_SEC
11:38:41.477,140,litter_colour,305,663,200,633,411,694,COLOR_SEC
11:38:41.477,140,litter_colour,191,339,0,324,383,355,COLOR_SEC
11:38:41.550,141,litter_yolo,1193,628,984,304,1402,952,YOLO
11:38:41.613,141,litter_colour,329,1058,64,1036,595,1080,COLOR_SEC
11:38:41.613,141,litter_colour,532,1043,465,1033,599,1053,COLOR_SEC
11:38:41.613,141,litter_colour,305,663,200,633,411,694,COLOR_SEC
11:38:41.613,141,litter_colour,191,339,0,324,383,355,COLOR_SEC
11:38:41.661,142,litter_yolo,1195,631,985,311,1406,951,YOLO
11:38:41.727,142,litter_colour,329,1058,64,1036,595,1080,COLOR_SEC
11:38:41.727,142,litter_colour,532,1043,465,1033,599,1053,COLOR_SEC
11:38:41.727,142,litter_colour,307,663,200,633,415,694,COLOR_SEC
11:38:41.727,142,litter_colour,191,339,0,324,383,355,COLOR_SEC
11:38:41.802,143,litter_yolo,1199,633,986,314,1412,952,YOLO
11:38:41.866,143,litter_colour,329,1058,64,1036,595,1080,COLOR_SEC
11:38:41.866,143,litter_colour,532,1043,465,1033,599,1053,COLOR_SEC
11:38:41.866,143,litter_colour,306,663,200,633,412,694,COLOR_SEC
11:38:41.866,143,litter_colour,191,339,0,324,383,355,COLOR_SEC
11:38:41.946,144,litter_yolo,1203,633,988,315,1419,952,YOLO
11:38:42.011,144,litter_colour,329,1058,64,1036,595,1080,COLOR_SEC
11:38:42.011,144,litter_colour,532,1043,465,1033,599,1053,COLOR_SEC
11:38:42.011,144,litter_colour,307,663,200,633,414,694,COLOR_SEC
11:38:42.011,144,litter_colour,191,339,0,324,383,355,COLOR_SEC
11:38:42.087,145,litter_yolo,1206,634,992,316,1420,952,YOLO
11:38:42.152,145,litter_colour,329,1058,64,1036,595,1080,COLOR_SEC
11:38:42.152,145,litter_colour,532,1043,465,1033,599,1053,COLOR_SEC
11:38:42.152,145,litter_colour,305,663,200,633,411,694,COLOR_SEC
11:38:42.152,145,litter_colour,191,339,0,324,383,355,COLOR_SEC
11:38:42.227,146,litter_yolo,1205,635,990,319,1420,951,YOLO
11:38:42.293,146,litter_colour,329,1058,64,1036,595,1080,COLOR_SEC
11:38:42.293,146,litter_colour,532,1043,465,1033,599,1053,COLOR_SEC
11:38:42.293,146,litter_colour,305,663,200,633,411,694,COLOR_SEC
11:38:42.293,146,litter_colour,191,339,0,324,383,355,COLOR_SEC
11:38:42.364,147,litter_yolo,1204,634,989,318,1419,951,YOLO
11:38:42.428,147,litter_colour,329,1058,64,1036,595,1080,COLOR_SEC
11:38:42.428,147,litter_colour,532,1043,465,1033,599,1053,COLOR_SEC
11:38:42.428,147,litter_colour,307,663,200,633,414,694,COLOR_SEC
11:38:42.428,147,litter_colour,192,339,0,324,384,355,COLOR_SEC
11:38:42.513,148,litter_yolo,1203,634,989,317,1418,951,YOLO
11:38:42.581,148,litter_colour,329,1058,64,1036,595,1080,COLOR_SEC
11:38:42.581,148,litter_colour,531,1043,464,1033,599,1053,COLOR_SEC
11:38:42.581,148,litter_colour,307,663,200,633,415,694,COLOR_SEC
11:38:42.581,148,litter_colour,191,339,0,324,383,355,COLOR_SEC
11:38:42.645,149,litter_yolo,1202,635,988,318,1417,952,YOLO
11:38:42.713,149,litter_colour,329,1058,64,1036,595,1080,COLOR_SEC
11:38:42.713,149,litter_colour,532,1043,465,1033,599,1053,COLOR_SEC
11:38:42.713,149,litter_colour,306,663,200,633,413,693,COLOR_SEC
11:38:42.713,149,litter_colour,191,339,0,324,383,355,COLOR_SEC
11:38:42.788,150,litter_yolo,1200,634,986,317,1415,952,YOLO
11:38:42.852,150,litter_colour,329,1058,64,1036,595,1080,COLOR_SEC
11:38:42.852,150,litter_colour,532,1043,465,1033,599,1053,COLOR_SEC
11:38:42.852,150,litter_colour,307,663,200,633,415,693,COLOR_SEC
11:38:42.852,150,litter_colour,191,339,0,324,383,355,COLOR_SEC
11:38:42.936,151,litter_yolo,1200,635,986,319,1414,951,YOLO
11:38:43.007,151,litter_colour,329,1058,64,1036,595,1080,COLOR_SEC
11:38:43.007,151,litter_colour,531,1043,464,1033,599,1053,COLOR_SEC
11:38:43.007,151,litter_colour,306,663,200,633,413,694,COLOR_SEC
11:38:43.007,151,litter_colour,191,339,0,324,383,355,COLOR_SEC
11:38:43.075,152,litter_yolo,1202,635,986,319,1419,952,YOLO
11:38:43.143,152,litter_colour,329,1058,64,1036,595,1080,COLOR_SEC
11:38:43.143,152,litter_colour,532,1043,465,1033,599,1053,COLOR_SEC
11:38:43.143,152,litter_colour,310,663,200,633,420,694,COLOR_SEC
11:38:43.143,152,litter_colour,191,339,0,324,383,355,COLOR_SEC
11:38:43.218,153,litter_yolo,1202,635,987,318,1418,953,YOLO
11:38:43.286,153,litter_colour,329,1058,64,1036,595,1080,COLOR_SEC
11:38:43.286,153,litter_colour,532,1043,465,1033,599,1053,COLOR_SEC
11:38:43.286,153,litter_colour,300,663,200,633,400,693,COLOR_SEC
11:38:43.286,153,litter_colour,191,339,0,324,383,355,COLOR_SEC
11:38:43.354,154,litter_yolo,1202,635,988,318,1416,952,YOLO
11:38:43.417,154,litter_colour,329,1058,64,1036,595,1080,COLOR_SEC
11:38:43.417,154,litter_colour,532,1043,465,1033,599,1053,COLOR_SEC
11:38:43.417,154,litter_colour,306,663,200,633,413,694,COLOR_SEC
11:38:43.417,154,litter_colour,191,339,0,324,383,355,COLOR_SEC
11:38:43.461,155,litter_yolo,1199,636,985,319,1414,953,YOLO
11:38:43.525,155,litter_colour,329,1058,64,1036,595,1080,COLOR_SEC
11:38:43.525,155,litter_colour,532,1043,465,1034,599,1053,COLOR_SEC
11:38:43.525,155,litter_colour,306,663,200,633,412,693,COLOR_SEC
11:38:43.525,155,litter_colour,191,339,0,324,383,355,COLOR_SEC
11:38:43.599,156,litter_yolo,1199,636,985,319,1413,953,YOLO
11:38:43.664,156,litter_colour,329,1058,64,1036,595,1080,COLOR_SEC
11:38:43.664,156,litter_colour,532,1043,465,1034,599,1053,COLOR_SEC
11:38:43.664,156,litter_colour,304,663,200,633,409,693,COLOR_SEC
11:38:43.664,156,litter_colour,191,339,0,324,383,355,COLOR_SEC
11:38:43.741,157,litter_yolo,1192,635,979,318,1405,952,YOLO
11:38:43.805,157,litter_colour,329,1058,64,1036,595,1080,COLOR_SEC
11:38:43.805,157,litter_colour,531,1043,464,1033,599,1053,COLOR_SEC
11:38:43.805,157,litter_colour,307,663,200,633,414,694,COLOR_SEC
11:38:43.805,157,litter_colour,191,339,0,324,383,355,COLOR_SEC
11:38:43.849,158,litter_yolo,1190,635,977,319,1403,952,YOLO
11:38:43.915,158,litter_colour,329,1058,64,1036,595,1080,COLOR_SEC
11:38:43.916,158,litter_colour,531,1043,464,1033,599,1053,COLOR_SEC
11:38:43.916,158,litter_colour,306,663,200,633,413,694,COLOR_SEC
11:38:43.916,158,litter_colour,192,339,0,324,384,355,COLOR_SEC
11:38:43.988,159,litter_yolo,1189,635,977,317,1402,953,YOLO
11:38:44.053,159,litter_colour,329,1058,64,1036,595,1080,COLOR_SEC
11:38:44.053,159,litter_colour,531,1043,464,1033,599,1053,COLOR_SEC
11:38:44.053,159,litter_colour,307,663,200,633,414,694,COLOR_SEC
11:38:44.053,159,litter_colour,191,339,0,324,383,355,COLOR_SEC
11:38:44.096,160,litter_yolo,1190,635,977,319,1403,952,YOLO
11:38:44.160,160,litter_colour,329,1058,64,1036,595,1080,COLOR_SEC
11:38:44.160,160,litter_colour,531,1043,464,1033,599,1053,COLOR_SEC
11:38:44.160,160,litter_colour,307,663,200,633,414,694,COLOR_SEC
11:38:44.160,160,litter_colour,191,339,0,324,383,355,COLOR_SEC
11:38:44.236,161,litter_yolo,1189,635,974,317,1404,953,YOLO
11:38:44.301,161,litter_colour,329,1058,64,1036,595,1080,COLOR_SEC
11:38:44.301,161,litter_colour,531,1043,464,1033,599,1053,COLOR_SEC
11:38:44.301,161,litter_colour,306,663,200,633,412,693,COLOR_SEC
11:38:44.301,161,litter_colour,191,339,0,324,383,355,COLOR_SEC
11:38:44.377,162,litter_yolo,1188,631,973,311,1403,952,YOLO
11:38:44.442,162,litter_colour,329,1058,64,1036,595,1080,COLOR_SEC
11:38:44.442,162,litter_colour,532,1043,465,1033,599,1053,COLOR_SEC
11:38:44.442,162,litter_colour,305,663,200,632,411,694,COLOR_SEC
11:38:44.442,162,litter_colour,191,339,0,324,383,355,COLOR_SEC
11:38:44.485,163,litter_yolo,1187,631,970,310,1404,952,YOLO
11:38:44.550,163,litter_colour,329,1058,64,1036,595,1080,COLOR_SEC
11:38:44.550,163,litter_colour,531,1043,464,1033,599,1053,COLOR_SEC
11:38:44.550,163,litter_colour,305,663,200,633,411,694,COLOR_SEC
11:38:44.550,163,litter_colour,191,339,0,324,383,355,COLOR_SEC
11:38:44.624,164,litter_yolo,1186,632,971,312,1402,953,YOLO
11:38:44.688,164,litter_colour,329,1058,64,1036,595,1080,COLOR_SEC
11:38:44.688,164,litter_colour,531,1043,464,1033,599,1053,COLOR_SEC
11:38:44.688,164,litter_colour,306,663,200,633,412,694,COLOR_SEC
11:38:44.688,164,litter_colour,191,339,0,324,383,355,COLOR_SEC
11:38:44.732,165,litter_yolo,1186,633,969,314,1403,953,YOLO
11:38:44.795,165,litter_colour,329,1058,64,1036,595,1080,COLOR_SEC
11:38:44.795,165,litter_colour,532,1043,465,1033,599,1053,COLOR_SEC
11:38:44.795,165,litter_colour,306,663,200,633,413,694,COLOR_SEC
11:38:44.795,165,litter_colour,191,339,0,324,383,355,COLOR_SEC
11:38:44.871,166,litter_yolo,1185,633,969,313,1402,953,YOLO
11:38:44.935,166,litter_colour,329,1058,64,1036,595,1080,COLOR_SEC
11:38:44.935,166,litter_colour,531,1043,464,1033,599,1053,COLOR_SEC
11:38:44.935,166,litter_colour,299,663,200,633,399,693,COLOR_SEC
11:38:44.935,166,litter_colour,191,339,0,324,383,355,COLOR_SEC
11:38:44.978,167,litter_yolo,1186,633,970,314,1402,952,YOLO
11:38:45.043,167,litter_colour,329,1058,64,1036,595,1080,COLOR_SEC
11:38:45.043,167,litter_colour,532,1043,465,1033,599,1053,COLOR_SEC
11:38:45.043,167,litter_colour,305,663,200,633,411,693,COLOR_SEC
11:38:45.043,167,litter_colour,191,339,0,324,383,355,COLOR_SEC
11:38:45.120,168,litter_yolo,1185,633,970,315,1401,951,YOLO
11:38:45.184,168,litter_colour,329,1058,64,1036,595,1080,COLOR_SEC
11:38:45.184,168,litter_colour,532,1043,465,1033,600,1053,COLOR_SEC
11:38:45.185,168,litter_colour,308,663,200,633,416,694,COLOR_SEC
11:38:45.185,168,litter_colour,191,339,0,324,383,355,COLOR_SEC
11:38:45.225,169,litter_yolo,1185,633,970,315,1401,952,YOLO
11:38:45.290,169,litter_colour,329,1058,64,1036,595,1080,COLOR_SEC
11:38:45.290,169,litter_colour,531,1043,464,1033,599,1053,COLOR_SEC
11:38:45.290,169,litter_colour,306,663,200,633,413,693,COLOR_SEC
11:38:45.290,169,litter_colour,191,339,0,324,383,355,COLOR_SEC
11:38:45.333,170,litter_yolo,1184,632,969,314,1400,951,YOLO
11:38:45.402,170,litter_colour,329,1058,64,1036,595,1080,COLOR_SEC
11:38:45.402,170,litter_colour,532,1043,465,1033,599,1053,COLOR_SEC
11:38:45.402,170,litter_colour,307,663,200,633,414,694,COLOR_SEC
11:38:45.402,170,litter_colour,191,339,0,324,383,355,COLOR_SEC
11:38:45.472,171,litter_yolo,1183,632,967,313,1400,951,YOLO
11:38:45.536,171,litter_colour,329,1058,64,1036,595,1080,COLOR_SEC
11:38:45.536,171,litter_colour,532,1043,465,1033,599,1053,COLOR_SEC
11:38:45.536,171,litter_colour,305,663,200,633,411,693,COLOR_SEC
11:38:45.536,171,litter_colour,191,339,0,324,383,355,COLOR_SEC
11:38:45.581,172,litter_yolo,1183,635,967,319,1399,951,YOLO
11:38:45.645,172,litter_colour,329,1058,64,1036,595,1080,COLOR_SEC
11:38:45.645,172,litter_colour,532,1043,465,1033,599,1053,COLOR_SEC
11:38:45.645,172,litter_colour,310,663,200,633,421,694,COLOR_SEC
11:38:45.645,172,litter_colour,191,339,0,324,383,355,COLOR_SEC
11:38:45.784,173,litter_colour,329,1058,64,1036,595,1080,COLOR_SEC
11:38:45.784,173,litter_colour,532,1043,465,1033,599,1053,COLOR_SEC
11:38:45.784,173,litter_colour,307,663,200,633,415,693,COLOR_SEC
11:38:45.784,173,litter_colour,191,339,0,324,383,355,COLOR_SEC
11:38:45.890,174,litter_colour,329,1058,64,1036,595,1080,COLOR_SEC
11:38:45.890,174,litter_colour,532,1043,465,1033,599,1053,COLOR_SEC
11:38:45.890,174,litter_colour,307,663,200,633,415,694,COLOR_SEC
11:38:45.890,174,litter_colour,191,339,0,324,383,355,COLOR_SEC
11:38:45.995,175,litter_colour,329,1058,64,1036,595,1080,COLOR_SEC
11:38:45.995,175,litter_colour,532,1043,465,1033,599,1053,COLOR_SEC
11:38:45.995,175,litter_colour,305,663,200,633,411,694,COLOR_SEC
11:38:45.995,175,litter_colour,191,339,0,324,383,355,COLOR_SEC
11:38:46.102,176,litter_colour,329,1058,64,1036,595,1080,COLOR_SEC
11:38:46.102,176,litter_colour,532,1043,465,1033,599,1053,COLOR_SEC
11:38:46.102,176,litter_colour,305,663,200,633,411,694,COLOR_SEC
11:38:46.102,176,litter_colour,192,339,0,324,384,355,COLOR_SEC
11:38:46.244,177,litter_colour,329,1058,64,1036,595,1080,COLOR_SEC
11:38:46.244,177,litter_colour,532,1043,465,1033,599,1054,COLOR_SEC
11:38:46.244,177,litter_colour,306,663,200,633,413,694,COLOR_SEC
11:38:46.244,177,litter_colour,191,339,0,324,383,355,COLOR_SEC
11:38:46.321,178,litter_yolo,1181,637,965,322,1398,952,YOLO
11:38:46.383,178,litter_colour,329,1058,64,1036,595,1080,COLOR_SEC
11:38:46.383,178,litter_colour,531,1043,464,1033,599,1054,COLOR_SEC
11:38:46.383,178,litter_colour,305,663,200,633,411,694,COLOR_SEC
11:38:46.383,178,litter_colour,191,339,0,324,383,355,COLOR_SEC
11:38:46.428,179,litter_yolo,1182,636,966,320,1398,952,YOLO
11:38:46.491,179,litter_colour,329,1058,64,1036,595,1080,COLOR_SEC
11:38:46.491,179,litter_colour,532,1043,465,1033,599,1054,COLOR_SEC
11:38:46.491,179,litter_colour,307,663,200,633,415,694,COLOR_SEC
11:38:46.491,179,litter_colour,191,339,0,324,383,355,COLOR_SEC
11:38:46.533,180,litter_yolo,1181,636,965,321,1398,952,YOLO
11:38:46.596,180,litter_colour,329,1058,64,1036,595,1080,COLOR_SEC
11:38:46.596,180,litter_colour,532,1044,465,1034,599,1054,COLOR_SEC
11:38:46.596,180,litter_colour,304,663,200,632,409,694,COLOR_SEC
11:38:46.596,180,litter_colour,191,339,0,324,383,355,COLOR_SEC
11:38:46.641,181,litter_yolo,1183,644,965,330,1402,959,YOLO
11:38:46.706,181,litter_colour,329,1058,64,1036,595,1080,COLOR_SEC
11:38:46.706,181,litter_colour,532,1043,465,1034,599,1053,COLOR_SEC
11:38:46.706,181,litter_colour,307,663,200,633,414,693,COLOR_SEC
11:38:46.706,181,litter_colour,191,339,0,324,383,355,COLOR_SEC
11:38:46.780,182,litter_yolo,1183,647,964,330,1402,964,YOLO
11:38:46.845,182,litter_colour,329,1058,64,1036,595,1080,COLOR_SEC
11:38:46.845,182,litter_colour,532,1043,465,1033,599,1053,COLOR_SEC
11:38:46.845,182,litter_colour,306,663,200,633,413,694,COLOR_SEC
11:38:46.845,182,litter_colour,191,339,0,324,383,355,COLOR_SEC
11:38:46.887,183,litter_yolo,1181,638,964,323,1398,954,YOLO
11:38:46.950,183,litter_colour,329,1058,64,1036,595,1080,COLOR_SEC
11:38:46.950,183,litter_colour,531,1043,464,1033,599,1053,COLOR_SEC
11:38:46.950,183,litter_colour,306,663,200,633,413,694,COLOR_SEC
11:38:46.950,183,litter_colour,191,339,0,324,383,355,COLOR_SEC
11:38:47.093,184,litter_colour,329,1058,64,1036,595,1080,COLOR_SEC
11:38:47.093,184,litter_colour,532,1043,465,1033,599,1053,COLOR_SEC
11:38:47.093,184,litter_colour,307,663,200,632,415,694,COLOR_SEC
11:38:47.093,184,litter_colour,191,339,0,324,383,355,COLOR_SEC
11:38:47.197,185,litter_colour,329,1058,64,1036,595,1080,COLOR_SEC
11:38:47.198,185,litter_colour,532,1043,465,1033,600,1053,COLOR_SEC
11:38:47.198,185,litter_colour,306,663,200,633,413,693,COLOR_SEC
11:38:47.198,185,litter_colour,191,339,0,324,383,355,COLOR_SEC
11:38:47.305,186,litter_colour,329,1058,64,1036,595,1080,COLOR_SEC
11:38:47.305,186,litter_colour,532,1043,465,1033,600,1053,COLOR_SEC
11:38:47.305,186,litter_colour,305,663,200,633,411,694,COLOR_SEC
11:38:47.305,186,litter_colour,191,339,0,324,383,355,COLOR_SEC
11:38:47.408,187,litter_colour,329,1058,64,1036,595,1080,COLOR_SEC
11:38:47.408,187,litter_colour,532,1043,465,1033,600,1053,COLOR_SEC
11:38:47.408,187,litter_colour,309,662,200,632,418,693,COLOR_SEC
11:38:47.408,187,litter_colour,191,339,0,324,383,355,COLOR_SEC
11:38:47.516,188,litter_colour,329,1058,64,1036,595,1080,COLOR_SEC
11:38:47.516,188,litter_colour,532,1043,465,1033,600,1053,COLOR_SEC
11:38:47.516,188,litter_colour,305,663,200,632,411,694,COLOR_SEC
11:38:47.516,188,litter_colour,191,339,0,324,383,355,COLOR_SEC
11:38:47.622,189,litter_colour,329,1058,64,1036,595,1080,COLOR_SEC
11:38:47.622,189,litter_colour,532,1043,465,1033,599,1053,COLOR_SEC
11:38:47.622,189,litter_colour,307,663,200,633,414,694,COLOR_SEC
11:38:47.622,189,litter_colour,191,339,0,324,383,355,COLOR_SEC
11:38:47.728,190,litter_colour,329,1058,63,1036,595,1080,COLOR_SEC
11:38:47.728,190,litter_colour,531,1043,464,1033,599,1053,COLOR_SEC
11:38:47.728,190,litter_colour,307,663,200,633,415,694,COLOR_SEC
11:38:47.728,190,litter_colour,191,339,0,324,383,355,COLOR_SEC
11:38:47.833,191,litter_colour,329,1058,64,1036,595,1080,COLOR_SEC
11:38:47.833,191,litter_colour,532,1043,465,1033,600,1053,COLOR_SEC
11:38:47.833,191,litter_colour,306,663,200,633,412,694,COLOR_SEC
11:38:47.833,191,litter_colour,191,339,0,324,383,355,COLOR_SEC
11:38:47.941,192,litter_colour,329,1058,64,1036,595,1080,COLOR_SEC
11:38:47.942,192,litter_colour,532,1043,465,1033,600,1053,COLOR_SEC
11:38:47.942,192,litter_colour,307,663,200,632,414,694,COLOR_SEC
11:38:47.942,192,litter_colour,191,339,0,324,383,355,COLOR_SEC
11:38:48.080,193,litter_colour,329,1058,64,1036,595,1080,COLOR_SEC
11:38:48.080,193,litter_colour,532,1043,465,1034,600,1053,COLOR_SEC
11:38:48.080,193,litter_colour,306,663,200,633,413,693,COLOR_SEC
11:38:48.080,193,litter_colour,191,339,0,324,383,355,COLOR_SEC
11:38:48.186,194,litter_colour,329,1058,64,1036,595,1080,COLOR_SEC
11:38:48.186,194,litter_colour,532,1043,465,1033,600,1053,COLOR_SEC
11:38:48.186,194,litter_colour,306,663,200,633,413,694,COLOR_SEC
11:38:48.186,194,litter_colour,191,339,0,324,383,355,COLOR_SEC
11:38:48.292,195,litter_colour,329,1058,64,1036,595,1080,COLOR_SEC
11:38:48.292,195,litter_colour,532,1043,465,1033,600,1053,COLOR_SEC
11:38:48.292,195,litter_colour,309,663,200,633,419,694,COLOR_SEC
11:38:48.292,195,litter_colour,191,339,0,324,383,355,COLOR_SEC
11:38:48.398,196,litter_colour,329,1058,63,1036,595,1080,COLOR_SEC
11:38:48.398,196,litter_colour,532,1043,465,1033,600,1053,COLOR_SEC
11:38:48.398,196,litter_colour,307,663,200,633,414,694,COLOR_SEC
11:38:48.398,196,litter_colour,191,339,0,324,383,355,COLOR_SEC
11:38:48.507,197,litter_colour,329,1058,64,1036,595,1080,COLOR_SEC
11:38:48.507,197,litter_colour,532,1043,465,1033,600,1053,COLOR_SEC
11:38:48.507,197,litter_colour,307,663,200,632,415,694,COLOR_SEC
11:38:48.507,197,litter_colour,191,339,0,324,383,355,COLOR_SEC
11:38:48.612,198,litter_colour,329,1058,64,1036,595,1080,COLOR_SEC
11:38:48.612,198,litter_colour,532,1043,465,1033,600,1053,COLOR_SEC
11:38:48.612,198,litter_colour,308,663,200,633,417,694,COLOR_SEC
11:38:48.612,198,litter_colour,191,339,0,324,383,355,COLOR_SEC
11:38:48.718,199,litter_colour,329,1058,64,1036,595,1080,COLOR_SEC
11:38:48.718,199,litter_colour,532,1043,464,1033,600,1053,COLOR_SEC
11:38:48.718,199,litter_colour,309,663,200,633,418,694,COLOR_SEC
11:38:48.718,199,litter_colour,191,339,0,324,383,355,COLOR_SEC
11:38:48.827,200,litter_colour,329,1058,64,1036,595,1080,COLOR_SEC
11:38:48.827,200,litter_colour,532,1043,465,1033,599,1053,COLOR_SEC
11:38:48.827,200,litter_colour,310,663,200,633,420,694,COLOR_SEC
11:38:48.827,200,litter_colour,191,339,0,324,383,355,COLOR_SEC
11:38:48.971,201,litter_colour,329,1058,64,1036,595,1080,COLOR_SEC
11:38:48.971,201,litter_colour,532,1043,465,1033,599,1054,COLOR_SEC
11:38:48.971,201,litter_colour,309,663,200,633,418,693,COLOR_SEC
11:38:48.971,201,litter_colour,191,339,0,324,383,355,COLOR_SEC
11:38:49.115,202,litter_colour,329,1058,64,1036,595,1080,COLOR_SEC
11:38:49.115,202,litter_colour,532,1043,465,1033,600,1053,COLOR_SEC
11:38:49.115,202,litter_colour,308,662,200,632,416,693,COLOR_SEC
11:38:49.115,202,litter_colour,191,339,0,324,383,355,COLOR_SEC
11:38:49.249,203,litter_colour,329,1058,64,1036,595,1080,COLOR_SEC
11:38:49.249,203,litter_colour,532,1043,464,1033,600,1053,COLOR_SEC
11:38:49.249,203,litter_colour,306,663,200,633,413,693,COLOR_SEC
11:38:49.249,203,litter_colour,191,339,0,324,383,355,COLOR_SEC
11:38:49.355,204,litter_colour,329,1058,64,1036,595,1080,COLOR_SEC
11:38:49.355,204,litter_colour,532,1043,464,1033,600,1053,COLOR_SEC
11:38:49.355,204,litter_colour,307,663,200,633,414,693,COLOR_SEC
11:38:49.355,204,litter_colour,191,339,0,324,383,355,COLOR_SEC
11:38:49.460,205,litter_colour,329,1058,64,1036,595,1080,COLOR_SEC
11:38:49.460,205,litter_colour,531,1043,464,1033,599,1053,COLOR_SEC
11:38:49.460,205,litter_colour,307,663,200,633,415,693,COLOR_SEC
11:38:49.460,205,litter_colour,191,339,0,324,383,355,COLOR_SEC
11:38:49.588,206,litter_colour,329,1058,64,1036,595,1080,COLOR_SEC
11:38:49.588,206,litter_colour,531,1043,464,1034,599,1053,COLOR_SEC
11:38:49.588,206,litter_colour,191,339,0,324,383,355,COLOR_SEC
11:38:49.712,207,litter_colour,329,1058,64,1036,595,1080,COLOR_SEC
11:38:49.712,207,litter_colour,531,1043,464,1033,599,1053,COLOR_SEC
11:38:49.712,207,litter_colour,307,663,200,633,414,693,COLOR_SEC
11:38:49.712,207,litter_colour,192,339,0,324,384,355,COLOR_SEC
11:38:49.788,208,litter_yolo,1168,649,948,336,1388,963,YOLO
11:38:49.852,208,litter_colour,329,1058,64,1036,595,1080,COLOR_SEC
11:38:49.852,208,litter_colour,532,1043,465,1033,600,1053,COLOR_SEC
11:38:49.852,208,litter_colour,307,663,200,633,414,693,COLOR_SEC
11:38:49.852,208,litter_colour,192,339,0,324,384,355,COLOR_SEC
11:38:49.926,209,litter_yolo,1167,650,947,339,1388,962,YOLO
11:38:49.991,209,litter_colour,329,1058,64,1036,595,1080,COLOR_SEC
11:38:49.991,209,litter_colour,531,1043,464,1033,599,1053,COLOR_SEC
11:38:49.991,209,litter_colour,307,663,200,633,415,694,COLOR_SEC
11:38:49.991,209,litter_colour,191,339,0,324,383,355,COLOR_SEC
11:38:50.034,210,litter_yolo,1167,647,947,343,1387,952,YOLO
11:38:50.099,210,litter_colour,329,1058,64,1036,595,1080,COLOR_SEC
11:38:50.099,210,litter_colour,532,1043,465,1033,599,1053,COLOR_SEC
11:38:50.099,210,litter_colour,308,663,200,633,417,694,COLOR_SEC
11:38:50.099,210,litter_colour,192,339,0,324,384,355,COLOR_SEC
11:38:50.238,211,litter_colour,329,1058,64,1036,595,1080,COLOR_SEC
11:38:50.239,211,litter_colour,532,1043,465,1033,599,1053,COLOR_SEC
11:38:50.239,211,litter_colour,306,663,200,633,413,694,COLOR_SEC
11:38:50.239,211,litter_colour,191,339,0,324,383,355,COLOR_SEC
11:38:50.379,212,litter_colour,329,1058,64,1036,595,1080,COLOR_SEC
11:38:50.379,212,litter_colour,532,1043,465,1034,599,1053,COLOR_SEC
11:38:50.379,212,litter_colour,310,663,200,633,421,694,COLOR_SEC
11:38:50.379,212,litter_colour,191,339,0,324,383,355,COLOR_SEC
11:38:50.499,213,litter_colour,329,1058,63,1036,595,1080,COLOR_SEC
11:38:50.499,213,litter_colour,532,1043,464,1034,600,1053,COLOR_SEC
11:38:50.499,213,litter_colour,306,663,200,633,413,693,COLOR_SEC
11:38:50.499,213,litter_colour,191,339,0,324,383,355,COLOR_SEC
11:38:50.562,214,litter_yolo,1180,649,960,340,1401,958,YOLO
11:38:50.629,214,litter_colour,329,1058,63,1036,595,1080,COLOR_SEC
11:38:50.629,214,litter_colour,532,1043,465,1034,599,1053,COLOR_SEC
11:38:50.629,214,litter_colour,307,663,200,633,414,694,COLOR_SEC
11:38:50.629,214,litter_colour,191,339,0,324,383,355,COLOR_SEC
11:38:50.768,215,litter_colour,329,1058,63,1036,595,1080,COLOR_SEC
11:38:50.768,215,litter_colour,532,1043,465,1033,599,1053,COLOR_SEC
11:38:50.768,215,litter_colour,308,663,200,633,416,694,COLOR_SEC
11:38:50.768,215,litter_colour,191,339,0,324,383,355,COLOR_SEC
11:38:50.810,216,litter_yolo,1181,639,963,327,1399,951,YOLO
11:38:50.874,216,litter_colour,329,1058,63,1036,595,1080,COLOR_SEC
11:38:50.874,216,litter_colour,532,1043,465,1033,599,1053,COLOR_SEC
11:38:50.874,216,litter_colour,305,663,200,633,411,693,COLOR_SEC
11:38:50.874,216,litter_colour,191,339,0,324,383,355,COLOR_SEC
11:38:50.918,217,litter_yolo,1180,637,962,324,1398,951,YOLO
11:38:50.984,217,litter_colour,329,1058,64,1036,595,1080,COLOR_SEC
11:38:50.984,217,litter_colour,532,1043,465,1034,599,1053,COLOR_SEC
11:38:50.984,217,litter_colour,306,663,200,633,413,693,COLOR_SEC
11:38:50.984,217,litter_colour,192,339,0,324,384,355,COLOR_SEC
11:38:51.122,218,litter_colour,329,1058,64,1036,595,1080,COLOR_SEC
11:38:51.122,218,litter_colour,531,1043,464,1033,599,1053,COLOR_SEC
11:38:51.122,218,litter_colour,305,663,200,633,411,693,COLOR_SEC
11:38:51.122,218,litter_colour,191,339,0,324,383,355,COLOR_SEC
11:38:51.261,219,litter_colour,329,1058,64,1036,595,1080,COLOR_SEC
11:38:51.261,219,litter_colour,532,1043,464,1034,600,1053,COLOR_SEC
11:38:51.261,219,litter_colour,308,663,200,632,416,694,COLOR_SEC
11:38:51.261,219,litter_colour,191,339,0,324,383,355,COLOR_SEC
11:38:51.372,220,litter_colour,329,1058,64,1036,595,1080,COLOR_SEC
11:38:51.372,220,litter_colour,532,1043,464,1033,600,1053,COLOR_SEC
11:38:51.372,220,litter_colour,310,663,200,633,420,693,COLOR_SEC
11:38:51.372,220,litter_colour,191,339,0,324,383,355,COLOR_SEC
11:38:51.507,221,litter_colour,329,1058,64,1036,595,1080,COLOR_SEC
11:38:51.507,221,litter_colour,531,1043,464,1033,599,1053,COLOR_SEC
11:38:51.507,221,litter_colour,306,663,200,632,413,694,COLOR_SEC
11:38:51.507,221,litter_colour,191,339,0,324,383,355,COLOR_SEC
11:38:51.616,222,litter_colour,329,1058,64,1036,595,1080,COLOR_SEC
11:38:51.616,222,litter_colour,532,1043,465,1033,600,1053,COLOR_SEC
11:38:51.616,222,litter_colour,310,663,200,633,421,693,COLOR_SEC
11:38:51.616,222,litter_colour,191,339,0,324,383,355,COLOR_SEC
11:38:51.724,223,litter_colour,329,1058,64,1036,595,1080,COLOR_SEC
11:38:51.724,223,litter_colour,532,1043,465,1033,600,1054,COLOR_SEC
11:38:51.724,223,litter_colour,310,663,200,632,420,694,COLOR_SEC
11:38:51.724,223,litter_colour,191,339,0,324,383,355,COLOR_SEC
11:38:51.835,224,litter_yolo,1180,650,960,339,1400,961,YOLO
11:38:51.900,224,litter_colour,329,1058,63,1036,595,1080,COLOR_SEC
11:38:51.900,224,litter_colour,532,1043,465,1033,600,1053,COLOR_SEC
11:38:51.900,224,litter_colour,309,663,200,633,419,694,COLOR_SEC
11:38:51.900,224,litter_colour,191,339,0,324,383,355,COLOR_SEC
11:38:52.007,225,litter_colour,329,1058,63,1036,595,1080,COLOR_SEC
11:38:52.007,225,litter_colour,532,1043,465,1033,599,1053,COLOR_SEC
11:38:52.007,225,litter_colour,310,663,200,632,421,694,COLOR_SEC
11:38:52.007,225,litter_colour,191,339,0,324,383,355,COLOR_SEC
11:38:52.152,226,litter_colour,329,1058,63,1036,595,1080,COLOR_SEC
11:38:52.152,226,litter_colour,532,1043,465,1033,599,1053,COLOR_SEC
11:38:52.152,226,litter_colour,306,662,200,632,413,693,COLOR_SEC
11:38:52.152,226,litter_colour,191,339,0,324,383,355,COLOR_SEC
11:38:52.302,227,litter_colour,329,1058,63,1036,595,1080,COLOR_SEC
11:38:52.302,227,litter_colour,532,1043,465,1033,600,1053,COLOR_SEC
11:38:52.302,227,litter_colour,306,663,200,633,413,694,COLOR_SEC
11:38:52.302,227,litter_colour,191,339,0,324,383,355,COLOR_SEC
11:38:52.367,228,litter_yolo,1168,639,951,326,1385,953,YOLO
11:38:52.430,228,litter_colour,329,1058,64,1036,595,1080,COLOR_SEC
11:38:52.430,228,litter_colour,532,1043,465,1033,600,1053,COLOR_SEC
11:38:52.430,228,litter_colour,306,663,200,633,413,694,COLOR_SEC
11:38:52.430,228,litter_colour,191,339,0,324,383,355,COLOR_SEC
11:38:52.476,229,litter_yolo,1168,639,952,325,1385,953,YOLO
11:38:52.539,229,litter_colour,329,1058,64,1036,595,1080,COLOR_SEC
11:38:52.539,229,litter_colour,532,1043,465,1033,600,1053,COLOR_SEC
11:38:52.539,229,litter_colour,307,663,200,633,414,694,COLOR_SEC
11:38:52.539,229,litter_colour,191,339,0,324,383,355,COLOR_SEC
11:38:52.612,230,litter_yolo,1168,646,948,331,1388,962,YOLO
11:38:52.675,230,litter_colour,329,1058,63,1036,595,1080,COLOR_SEC
11:38:52.675,230,litter_colour,532,1043,465,1033,600,1054,COLOR_SEC
11:38:52.675,230,litter_colour,306,663,200,633,413,694,COLOR_SEC
11:38:52.675,230,litter_colour,191,339,0,324,383,355,COLOR_SEC
11:38:52.724,231,litter_yolo,1168,648,948,333,1388,963,YOLO
11:38:52.786,231,litter_colour,329,1058,64,1036,595,1080,COLOR_SEC
11:38:52.786,231,litter_colour,532,1043,465,1033,600,1053,COLOR_SEC
11:38:52.786,231,litter_colour,308,662,200,632,416,693,COLOR_SEC
11:38:52.786,231,litter_colour,191,339,0,324,383,355,COLOR_SEC
11:38:52.929,232,litter_colour,329,1058,64,1036,595,1080,COLOR_SEC
11:38:52.929,232,litter_colour,532,1043,465,1033,600,1054,COLOR_SEC
11:38:52.929,232,litter_colour,310,663,200,633,420,694,COLOR_SEC
11:38:52.929,232,litter_colour,191,339,0,324,383,355,COLOR_SEC
11:38:53.066,233,litter_colour,329,1058,64,1036,595,1080,COLOR_SEC
11:38:53.066,233,litter_colour,532,1043,465,1033,600,1054,COLOR_SEC
11:38:53.066,233,litter_colour,307,663,200,633,414,693,COLOR_SEC
11:38:53.066,233,litter_colour,191,339,0,324,383,355,COLOR_SEC
11:38:53.112,234,litter_yolo,1168,640,952,328,1385,952,YOLO
11:38:53.177,234,litter_colour,329,1058,63,1036,595,1080,COLOR_SEC
11:38:53.177,234,litter_colour,532,1043,465,1033,600,1054,COLOR_SEC
11:38:53.177,234,litter_colour,309,663,200,633,418,693,COLOR_SEC
11:38:53.177,234,litter_colour,191,339,0,324,383,355,COLOR_SEC
11:38:53.255,235,litter_yolo,1168,649,948,338,1388,960,YOLO
11:38:53.318,235,litter_colour,329,1058,64,1036,595,1080,COLOR_SEC
11:38:53.318,235,litter_colour,532,1043,464,1033,600,1054,COLOR_SEC
11:38:53.318,235,litter_colour,306,663,200,633,412,694,COLOR_SEC
11:38:53.318,235,litter_colour,191,339,0,324,383,355,COLOR_SEC
11:38:53.459,236,litter_colour,329,1058,63,1036,595,1080,COLOR_SEC
11:38:53.459,236,litter_colour,532,1043,465,1033,600,1053,COLOR_SEC
11:38:53.459,236,litter_colour,308,663,200,633,416,694,COLOR_SEC
11:38:53.459,236,litter_colour,191,339,0,324,383,355,COLOR_SEC
11:38:53.601,237,litter_colour,329,1058,64,1036,595,1080,COLOR_SEC
11:38:53.601,237,litter_colour,532,1043,465,1033,600,1053,COLOR_SEC
11:38:53.601,237,litter_colour,309,663,200,632,419,694,COLOR_SEC
11:38:53.601,237,litter_colour,191,339,0,324,383,355,COLOR_SEC
11:38:53.743,238,litter_colour,329,1058,64,1036,595,1080,COLOR_SEC
11:38:53.743,238,litter_colour,532,1043,465,1033,600,1053,COLOR_SEC
11:38:53.743,238,litter_colour,309,663,200,633,419,694,COLOR_SEC
11:38:53.743,238,litter_colour,192,339,0,324,384,355,COLOR_SEC
11:38:53.888,239,litter_colour,329,1058,63,1036,595,1080,COLOR_SEC
11:38:53.888,239,litter_colour,532,1043,465,1033,600,1054,COLOR_SEC
11:38:53.888,239,litter_colour,311,663,200,633,423,694,COLOR_SEC
11:38:53.888,239,litter_colour,191,339,0,324,383,355,COLOR_SEC
11:38:54.028,240,litter_colour,329,1058,64,1036,595,1080,COLOR_SEC
11:38:54.028,240,litter_colour,532,1043,465,1033,599,1054,COLOR_SEC
11:38:54.028,240,litter_colour,308,663,200,633,416,694,COLOR_SEC
11:38:54.028,240,litter_colour,191,339,0,324,383,355,COLOR_SEC
11:38:54.168,241,litter_colour,329,1058,63,1036,595,1080,COLOR_SEC
11:38:54.168,241,litter_colour,532,1043,464,1033,600,1053,COLOR_SEC
11:38:54.168,241,litter_colour,309,663,200,633,419,694,COLOR_SEC
11:38:54.168,241,litter_colour,191,339,0,324,383,355,COLOR_SEC
11:38:54.305,242,litter_colour,329,1058,63,1036,595,1080,COLOR_SEC
11:38:54.305,242,litter_colour,532,1043,464,1033,600,1053,COLOR_SEC
11:38:54.305,242,litter_colour,305,663,200,633,411,693,COLOR_SEC
11:38:54.305,242,litter_colour,191,339,0,324,383,355,COLOR_SEC
11:38:54.456,243,litter_colour,329,1058,63,1036,595,1080,COLOR_SEC
11:38:54.456,243,litter_colour,531,1043,464,1033,599,1053,COLOR_SEC
11:38:54.456,243,litter_colour,309,663,200,633,419,694,COLOR_SEC
11:38:54.456,243,litter_colour,191,339,0,324,383,355,COLOR_SEC
11:38:54.591,244,litter_colour,329,1058,63,1036,595,1080,COLOR_SEC
11:38:54.591,244,litter_colour,532,1043,464,1033,600,1053,COLOR_SEC
11:38:54.591,244,litter_colour,306,663,200,632,413,694,COLOR_SEC
11:38:54.591,244,litter_colour,191,339,0,324,383,355,COLOR_SEC
11:38:54.731,245,litter_colour,329,1058,63,1036,595,1080,COLOR_SEC
11:38:54.731,245,litter_colour,532,1043,464,1033,600,1053,COLOR_SEC
11:38:54.731,245,litter_colour,307,663,200,632,415,694,COLOR_SEC
11:38:54.731,245,litter_colour,191,339,0,324,383,355,COLOR_SEC
11:38:54.873,246,litter_colour,329,1058,63,1036,595,1080,COLOR_SEC
11:38:54.873,246,litter_colour,532,1043,464,1033,600,1053,COLOR_SEC
11:38:54.873,246,litter_colour,308,663,200,633,416,694,COLOR_SEC
11:38:54.873,246,litter_colour,191,339,0,324,383,355,COLOR_SEC
11:38:55.011,247,litter_colour,329,1058,63,1036,595,1080,COLOR_SEC
11:38:55.011,247,litter_colour,532,1043,464,1033,600,1053,COLOR_SEC
11:38:55.011,247,litter_colour,305,663,200,633,411,694,COLOR_SEC
11:38:55.011,247,litter_colour,191,339,0,324,383,355,COLOR_SEC
11:38:55.154,248,litter_colour,329,1058,63,1036,595,1080,COLOR_SEC
11:38:55.154,248,litter_colour,532,1043,464,1033,600,1053,COLOR_SEC
11:38:55.154,248,litter_colour,308,663,200,632,417,694,COLOR_SEC
11:38:55.154,248,litter_colour,191,339,0,324,383,355,COLOR_SEC
11:38:55.299,249,litter_colour,329,1058,63,1036,595,1080,COLOR_SEC
11:38:55.299,249,litter_colour,532,1043,464,1033,600,1054,COLOR_SEC
11:38:55.299,249,litter_colour,305,663,200,633,411,694,COLOR_SEC
11:38:55.299,249,litter_colour,191,339,0,324,383,355,COLOR_SEC
11:38:55.439,250,litter_colour,329,1058,63,1036,595,1080,COLOR_SEC
11:38:55.439,250,litter_colour,531,1043,464,1033,599,1053,COLOR_SEC
11:38:55.439,250,litter_colour,306,663,200,633,412,694,COLOR_SEC
11:38:55.439,250,litter_colour,191,339,0,324,383,355,COLOR_SEC
11:38:55.582,251,litter_colour,329,1058,63,1036,595,1080,COLOR_SEC
11:38:55.582,251,litter_colour,532,1043,464,1033,600,1053,COLOR_SEC
11:38:55.582,251,litter_colour,307,662,200,632,414,693,COLOR_SEC
11:38:55.582,251,litter_colour,191,339,0,324,383,355,COLOR_SEC
11:38:55.715,252,litter_colour,329,1058,64,1036,595,1080,COLOR_SEC
11:38:55.715,252,litter_colour,532,1043,464,1033,600,1053,COLOR_SEC
11:38:55.715,252,litter_colour,309,663,200,633,419,693,COLOR_SEC
11:38:55.715,252,litter_colour,191,339,0,324,383,355,COLOR_SEC
11:38:55.824,253,litter_colour,329,1058,64,1036,595,1080,COLOR_SEC
11:38:55.824,253,litter_colour,532,1043,465,1033,599,1054,COLOR_SEC
11:38:55.824,253,litter_colour,307,663,200,633,415,694,COLOR_SEC
11:38:55.824,253,litter_colour,191,339,0,324,383,355,COLOR_SEC
11:38:55.900,254,litter_yolo,1175,642,958,331,1393,953,YOLO
11:38:55.964,254,litter_colour,329,1058,64,1036,595,1080,COLOR_SEC
11:38:55.964,254,litter_colour,532,1044,465,1034,599,1054,COLOR_SEC
11:38:55.964,254,litter_colour,308,663,200,632,416,694,COLOR_SEC
11:38:55.964,254,litter_colour,191,339,0,324,383,355,COLOR_SEC
11:38:56.066,255,litter_colour,329,1058,64,1036,595,1080,COLOR_SEC
11:38:56.066,255,litter_colour,532,1043,465,1033,599,1053,COLOR_SEC
11:38:56.066,255,litter_colour,306,662,200,632,413,693,COLOR_SEC
11:38:56.066,255,litter_colour,192,339,0,324,384,355,COLOR_SEC
11:38:56.186,256,litter_colour,329,1058,63,1036,595,1080,COLOR_SEC
11:38:56.187,256,litter_colour,532,1043,465,1033,599,1054,COLOR_SEC
11:38:56.187,256,litter_colour,308,662,200,632,416,693,COLOR_SEC
11:38:56.187,256,litter_colour,191,339,0,324,383,355,COLOR_SEC
11:38:56.335,257,litter_colour,329,1058,63,1036,595,1080,COLOR_SEC
11:38:56.335,257,litter_colour,532,1044,465,1034,599,1054,COLOR_SEC
11:38:56.335,257,litter_colour,311,663,200,633,422,694,COLOR_SEC
11:38:56.335,257,litter_colour,191,339,0,324,383,355,COLOR_SEC
11:38:56.462,258,litter_colour,329,1058,63,1036,595,1080,COLOR_SEC
11:38:56.462,258,litter_colour,532,1043,465,1033,600,1054,COLOR_SEC
11:38:56.462,258,litter_colour,307,663,200,633,415,694,COLOR_SEC
11:38:56.462,258,litter_colour,191,339,0,324,383,355,COLOR_SEC
11:38:56.605,259,litter_colour,329,1058,64,1036,595,1080,COLOR_SEC
11:38:56.605,259,litter_colour,532,1043,465,1033,600,1054,COLOR_SEC
11:38:56.605,259,litter_colour,306,663,199,632,414,694,COLOR_SEC
11:38:56.605,259,litter_colour,192,339,0,324,384,355,COLOR_SEC
11:38:56.749,260,litter_colour,329,1058,63,1036,595,1080,COLOR_SEC
11:38:56.749,260,litter_colour,532,1043,465,1033,600,1053,COLOR_SEC
11:38:56.749,260,litter_colour,309,663,200,633,419,694,COLOR_SEC
11:38:56.749,260,litter_colour,192,339,0,324,384,355,COLOR_SEC
11:38:56.900,261,litter_colour,329,1058,63,1036,595,1080,COLOR_SEC
11:38:56.900,261,litter_colour,532,1043,465,1033,600,1054,COLOR_SEC
11:38:56.900,261,litter_colour,306,663,200,633,413,694,COLOR_SEC
11:38:56.900,261,litter_colour,191,339,0,324,383,355,COLOR_SEC
11:38:57.024,262,litter_colour,329,1058,64,1036,595,1080,COLOR_SEC
11:38:57.024,262,litter_colour,532,1043,465,1033,599,1053,COLOR_SEC
11:38:57.024,262,litter_colour,309,663,200,633,418,694,COLOR_SEC
11:38:57.024,262,litter_colour,192,339,0,324,384,355,COLOR_SEC
11:38:57.175,263,litter_colour,329,1058,64,1036,595,1080,COLOR_SEC
11:38:57.175,263,litter_colour,532,1043,464,1033,600,1053,COLOR_SEC
11:38:57.175,263,litter_colour,310,663,200,633,421,694,COLOR_SEC
11:38:57.175,263,litter_colour,191,339,0,324,383,355,COLOR_SEC
11:38:57.321,264,litter_colour,329,1058,64,1036,595,1080,COLOR_SEC
11:38:57.321,264,litter_colour,532,1043,465,1033,600,1054,COLOR_SEC
11:38:57.321,264,litter_colour,309,663,200,633,419,694,COLOR_SEC
11:38:57.321,264,litter_colour,191,339,0,324,383,355,COLOR_SEC
11:38:57.509,265,litter_colour,329,1058,64,1036,595,1080,COLOR_SEC
11:38:57.509,265,litter_colour,532,1043,465,1033,600,1054,COLOR_SEC
11:38:57.509,265,litter_colour,191,339,0,324,383,355,COLOR_SEC
11:38:57.636,266,litter_colour,329,1058,64,1036,595,1080,COLOR_SEC
11:38:57.636,266,litter_colour,532,1043,464,1033,600,1054,COLOR_SEC
11:38:57.636,266,litter_colour,309,663,200,633,418,694,COLOR_SEC
11:38:57.636,266,litter_colour,192,339,0,324,384,355,COLOR_SEC
11:38:57.774,267,litter_colour,329,1058,64,1036,595,1080,COLOR_SEC
11:38:57.774,267,litter_colour,532,1043,465,1033,600,1054,COLOR_SEC
11:38:57.774,267,litter_colour,306,663,200,633,413,694,COLOR_SEC
11:38:57.774,267,litter_colour,191,339,0,324,383,355,COLOR_SEC
11:38:57.846,268,litter_yolo,1287,556,1007,162,1568,951,YOLO
11:38:57.912,268,litter_colour,329,1058,64,1036,595,1080,COLOR_SEC
11:38:57.912,268,litter_colour,532,1043,465,1033,600,1053,COLOR_SEC
11:38:57.912,268,litter_colour,305,663,200,633,411,694,COLOR_SEC
11:38:57.912,268,litter_colour,191,339,0,324,383,355,COLOR_SEC
11:38:57.985,269,litter_yolo,1254,634,1027,318,1481,950,YOLO
11:38:58.054,269,litter_colour,329,1058,64,1036,595,1080,COLOR_SEC
11:38:58.054,269,litter_colour,532,1043,465,1033,600,1053,COLOR_SEC
11:38:58.054,269,litter_colour,306,663,200,633,413,694,COLOR_SEC
11:38:58.054,269,litter_colour,191,339,0,324,383,355,COLOR_SEC
11:38:58.126,270,litter_yolo,1275,638,1029,324,1521,952,YOLO
11:38:58.193,270,litter_colour,329,1058,64,1036,595,1080,COLOR_SEC
11:38:58.193,270,litter_colour,532,1043,465,1033,600,1053,COLOR_SEC
11:38:58.193,270,litter_colour,305,663,199,633,411,694,COLOR_SEC
11:38:58.193,270,litter_colour,191,339,0,324,383,355,COLOR_SEC
11:38:58.338,271,litter_colour,329,1058,64,1036,595,1080,COLOR_SEC
11:38:58.338,271,litter_colour,532,1043,465,1033,600,1054,COLOR_SEC
11:38:58.338,271,litter_colour,308,663,200,633,416,694,COLOR_SEC
11:38:58.338,271,litter_colour,191,339,0,324,383,355,COLOR_SEC
11:38:58.410,272,litter_yolo,1304,637,1067,324,1542,950,YOLO
11:38:58.480,272,litter_colour,329,1058,64,1036,595,1080,COLOR_SEC
11:38:58.481,272,litter_colour,532,1043,465,1033,600,1053,COLOR_SEC
11:38:58.481,272,litter_colour,307,663,200,633,415,694,COLOR_SEC
11:38:58.481,272,litter_colour,191,339,0,324,383,355,COLOR_SEC
11:38:58.551,273,litter_yolo,1309,630,1071,313,1548,947,YOLO
11:38:58.617,273,litter_colour,329,1058,64,1036,595,1080,COLOR_SEC
11:38:58.617,273,litter_colour,532,1043,465,1033,600,1053,COLOR_SEC
11:38:58.617,273,litter_colour,306,663,200,633,412,694,COLOR_SEC
11:38:58.617,273,litter_colour,191,339,0,324,383,355,COLOR_SEC
11:38:58.693,274,litter_yolo,1326,623,1086,299,1567,948,YOLO
11:38:58.763,274,litter_colour,329,1058,64,1036,595,1080,COLOR_SEC
11:38:58.763,274,litter_colour,532,1043,465,1033,600,1053,COLOR_SEC
11:38:58.763,274,litter_colour,307,663,200,633,415,694,COLOR_SEC
11:38:58.763,274,litter_colour,191,339,0,324,383,355,COLOR_SEC
11:38:58.833,275,litter_yolo,1399,547,1097,147,1702,948,YOLO
11:38:58.902,275,litter_colour,329,1058,64,1036,595,1080,COLOR_SEC
11:38:58.902,275,litter_colour,532,1043,464,1033,600,1054,COLOR_SEC
11:38:58.902,275,litter_colour,309,663,200,633,419,694,COLOR_SEC
11:38:58.902,275,litter_colour,191,339,0,324,383,355,COLOR_SEC
11:38:58.976,276,litter_yolo,1361,628,1112,309,1610,947,YOLO
11:38:59.049,276,litter_colour,329,1057,64,1035,595,1080,COLOR_SEC
11:38:59.049,276,litter_colour,532,1043,464,1033,600,1054,COLOR_SEC
11:38:59.049,276,litter_colour,310,662,200,632,420,693,COLOR_SEC
11:38:59.049,276,litter_colour,191,339,0,324,383,355,COLOR_SEC
11:38:59.118,277,litter_yolo,1364,632,1118,317,1610,947,YOLO
11:38:59.186,277,litter_colour,329,1058,63,1036,595,1080,COLOR_SEC
11:38:59.186,277,litter_colour,532,1043,465,1033,600,1054,COLOR_SEC
11:38:59.186,277,litter_colour,309,663,200,632,419,694,COLOR_SEC
11:38:59.186,277,litter_colour,191,339,0,324,383,355,COLOR_SEC
11:38:59.258,278,litter_yolo,1363,633,1115,317,1611,949,YOLO
11:38:59.332,278,litter_colour,329,1058,63,1036,595,1080,COLOR_SEC
11:38:59.332,278,litter_colour,532,1043,465,1033,600,1054,COLOR_SEC
11:38:59.332,278,litter_colour,306,663,200,632,413,694,COLOR_SEC
11:38:59.332,278,litter_colour,191,339,0,324,383,355,COLOR_SEC
11:38:59.399,279,litter_yolo,1357,627,1112,307,1602,947,YOLO
11:38:59.469,279,litter_colour,329,1058,64,1036,595,1080,COLOR_SEC
11:38:59.469,279,litter_colour,532,1044,465,1034,600,1054,COLOR_SEC
11:38:59.469,279,litter_colour,308,662,200,632,417,693,COLOR_SEC
11:38:59.469,279,litter_colour,191,339,0,324,383,355,COLOR_SEC
11:38:59.548,280,litter_yolo,1352,628,1111,309,1593,948,YOLO
11:38:59.620,280,litter_colour,329,1058,64,1036,595,1080,COLOR_SEC
11:38:59.621,280,litter_colour,532,1044,465,1034,600,1054,COLOR_SEC
11:38:59.621,280,litter_colour,310,662,200,632,420,693,COLOR_SEC
11:38:59.621,280,litter_colour,191,339,0,324,383,355,COLOR_SEC
11:38:59.681,281,litter_yolo,1340,628,1092,306,1588,951,YOLO
11:38:59.749,281,litter_colour,329,1058,64,1036,595,1080,COLOR_SEC
11:38:59.749,281,litter_colour,532,1043,465,1033,600,1054,COLOR_SEC
11:38:59.749,281,litter_colour,308,663,200,632,416,694,COLOR_SEC
11:38:59.749,281,litter_colour,191,339,0,324,383,355,COLOR_SEC
11:38:59.822,282,litter_yolo,1338,626,1088,303,1589,949,YOLO
11:38:59.891,282,litter_colour,329,1058,64,1036,595,1080,COLOR_SEC
11:38:59.891,282,litter_colour,532,1043,465,1033,600,1053,COLOR_SEC
11:38:59.891,282,litter_colour,306,663,200,633,413,693,COLOR_SEC
11:38:59.891,282,litter_colour,192,339,0,324,384,355,COLOR_SEC
11:38:59.973,283,litter_yolo,1329,632,1080,314,1578,951,YOLO
11:39:00.045,283,litter_colour,329,1058,64,1036,595,1080,COLOR_SEC
11:39:00.045,283,litter_colour,532,1043,465,1033,600,1053,COLOR_SEC
11:39:00.045,283,litter_colour,306,663,200,633,413,693,COLOR_SEC
11:39:00.045,283,litter_colour,191,339,0,324,383,355,COLOR_SEC
11:39:00.107,284,litter_yolo,1329,634,1083,316,1576,952,YOLO
11:39:00.175,284,litter_colour,329,1058,64,1036,595,1080,COLOR_SEC
11:39:00.175,284,litter_colour,532,1043,464,1033,600,1053,COLOR_SEC
11:39:00.175,284,litter_colour,307,663,200,633,414,693,COLOR_SEC
11:39:00.175,284,litter_colour,191,339,0,324,383,355,COLOR_SEC
11:39:00.248,285,litter_yolo,1335,631,1088,309,1583,954,YOLO
11:39:00.319,285,litter_colour,329,1058,64,1036,595,1080,COLOR_SEC
11:39:00.319,285,litter_colour,532,1043,464,1033,600,1053,COLOR_SEC
11:39:00.319,285,litter_colour,305,662,200,632,411,693,COLOR_SEC
11:39:00.319,285,litter_colour,191,339,0,324,383,355,COLOR_SEC
11:39:00.390,286,litter_yolo,1339,632,1090,308,1589,956,YOLO
11:39:00.458,286,litter_colour,329,1058,64,1036,595,1080,COLOR_SEC
11:39:00.458,286,litter_colour,532,1043,465,1033,600,1054,COLOR_SEC
11:39:00.458,286,litter_colour,306,662,200,632,413,693,COLOR_SEC
11:39:00.458,286,litter_colour,191,339,0,324,382,355,COLOR_SEC
